"Transaction ID";"Transaction Date";"Value";"Account To";"Account Number";"Account Type";"Balance Date";"Balance";"Account Holder ID";"Name";"Date of Birth";"First Line of Address";"Contact Number"
"7389839740";"2023-02-02";"1082.7";"92052516";"80808205";"Basic";"2023-01-31";"280.92";"14515913";"Aymer Chessman";"14/05/1979";"92952 Jackson Place";"07629430015"
"8244446277";"2023-02-02";"1698.0";"37796234";"80808205";"Basic";"2023-01-31";"280.92";"14515913";"Aymer Chessman";"14/05/1979";"92952 Jackson Place";"07629430015"
"3988237213";"2023-02-13";"1017.6";"47483982";"80808205";"Basic";"2023-01-31";"280.92";"14515913";"Aymer Chessman";"14/05/1979";"92952 Jackson Place";"07629430015"
"3776478144";"2023-02-09";"1727.8";"85559926";"81049128";"Basic";"2023-01-31";"694.91";"72939081";"Joanne Shrieves";"21/12/1961";"31 Sauthoff Terrace";"07961408348"
"304709484";"2023-02-11";"1207.7";"91184544";"74252410";"Gold";"2023-01-31";"278.47";"11036099";"Dulcia Crohan";"18/04/1969";"152 Farmco Park";"07136741404"
"275656446";"2023-02-01";"1139.7";"28911002";"81655495";"Basic";"2023-01-31";"315.33";"84399484";"Vernice Blonfield";"15/03/1933";"718 Heath Way";"07981776102"
"9709278754";"2023-02-02";"1091.2";"59705091";"81655495";"Basic";"2023-01-31";"315.33";"84399484";"Vernice Blonfield";"15/03/1933";"718 Heath Way";"07981776102"
"7893312475";"2023-02-13";"1154.7";"33527603";"74441123";"Gold";"2023-01-31";"833.24";"70613921";"Sebastien Cahn";"01/03/2002";"16412 Pennsylvania Point";"07110855146"
"6186639290";"2023-02-14";"1139.7";"40374724";"57790631";"Basic";"2023-01-31";"893.46";"28145258";"Bald Pesterfield";"21/09/1994";"10680 Sundown Crossing";"07591095920"
"664959989";"2023-02-01";"1255.3";"39402264";"70214700";"Basic";"2023-01-31";"152.79";"8454965";"Adrianne MacGahey";"05/01/1934";"42 Fisk Park";"07751618342"
"256401322";"2023-02-06";"1498.3";"30518350";"70214700";"Basic";"2023-01-31";"152.79";"8454965";"Adrianne MacGahey";"05/01/1934";"42 Fisk Park";"07751618342"
"9849651040";"2023-02-01";"1041.9";"19789505";"88160468";"Gold";"2023-01-31";"640.07";"21827357";"Raff Pakeman";"09/03/1997";"76 Ridge Oak Alley";"07596092076"
"7977048825";"2023-02-10";"2084.1";"46215382";"52911248";"Gold";"2023-01-31";"430.16";"94153619";"Port Berrycloth";"04/10/1982";"3 5th Drive";"07614724836"
"9611088159";"2023-02-09";"1582.3";"11463412";"97487639";"Gold";"2023-01-31";"403.96";"85078305";"Adora Medeway";"31/08/1954";"42490 Charing Cross Court";"07420518199"
"7259250836";"2023-02-03";"1121.6";"19956941";"65220738";"Basic";"2023-01-31";"873.56";"31920720";"Alix Rawling";"11/04/1949";"9145 Petterle Street";"07860665629"
"7564360178";"2023-02-05";"1533.5";"98620342";"65220738";"Basic";"2023-01-31";"873.56";"31920720";"Alix Rawling";"11/04/1949";"9145 Petterle Street";"07860665629"
"908048920";"2023-02-01";"1194.4";"97294152";"99729369";"Basic";"2023-01-31";"751.01";"15559813";"Kerrill Dunstan";"18/02/1952";"921 Merrick Way";"07605122700"
"5567411537";"2023-02-03";"1619.6";"71383376";"99729369";"Basic";"2023-01-31";"751.01";"15559813";"Kerrill Dunstan";"18/02/1952";"921 Merrick Way";"07605122700"
"3058104928";"2023-02-04";"1579.8";"38969279";"92195724";"Gold";"2023-01-31";"726.92";"33346290";"Robyn Grinin";"27/05/1938";"9 Grasskamp Lane";"07284741090"
"973893052";"2023-02-01";"1187.7";"51266306";"45706674";"Basic";"2023-01-31";"390.73";"4564384";"Hertha Shuker";"27/01/1964";"693 Kings Way";"07873638393"
"2577914652";"2023-02-10";"1812.5";"13197335";"49216581";"Gold";"2023-01-31";"911.91";"23876156";"Corie Twopenny";"18/09/1973";"69370 Surrey Plaza";"07579843768"
"1931218919";"2023-02-11";"1161.1";"34482885";"21032760";"Gold";"2023-01-31";"541.33";"8732352";"Miguelita Gutsell";"08/01/1956";"2732 Mcbride Drive";"07885021967"
"879871237";"2023-02-11";"1125.0";"58668564";"31680976";"Gold";"2023-01-31";"327.79";"35700806";"Germain Clubb";"23/02/1999";"3 Leroy Way";"07336434478"
"9800350713";"2023-02-09";"1504.7";"30112323";"79033058";"Basic";"2023-01-31";"97.12";"46306899";"Barnaby Boydon";"10/11/1964";"917 Charing Cross Parkway";"07560843018"
"9171513191";"2023-02-10";"1531.0";"74252410";"37017424";"Basic";"2023-01-31";"71.34";"8434185";"Joshia Pole";"04/05/1969";"3752 Annamark Place";"07377565104"
"8011320084";"2023-02-07";"1035.2";"51198722";"42783101";"Gold";"2023-01-31";"289.82";"21705549";"Gannie Mustill";"23/06/1959";"9 Schlimgen Terrace";"07701932569"
"2019114135";"2023-02-01";"1821.6";"87876065";"52814597";"Gold";"2023-01-31";"899.39";"92201515";"Aluin Errey";"11/01/1993";"65 Ramsey Court";"07748137461"
"2978569654";"2023-02-11";"1129.9";"11475827";"52814597";"Gold";"2023-01-31";"899.39";"92201515";"Aluin Errey";"11/01/1993";"65 Ramsey Court";"07748137461"
"2573182568";"2023-02-01";"1821.2";"35210460";"28053942";"Gold";"2023-01-31";"70.94";"76671068";"Donalt Sumbler";"24/12/2001";"4408 Forest Park";"07619027892"
"2654779653";"2023-02-01";"1277.2";"24513968";"93192347";"Gold";"2023-01-31";"298.01";"72766172";"Lori Furlow";"27/01/1963";"5720 Gateway Drive";"07501164237"
"6865729129";"2023-02-12";"2147.9";"25006771";"93192347";"Gold";"2023-01-31";"298.01";"72766172";"Lori Furlow";"27/01/1963";"5720 Gateway Drive";"07501164237"
"4167488191";"2023-02-01";"1775.6";"75569387";"29638033";"Gold";"2023-01-31";"537.95";"96323829";"Barbaraanne Fredi";"01/04/1963";"104 Dawn Drive";"07544564107"
"8738045222";"2023-02-02";"1890.0";"45558696";"29638033";"Gold";"2023-01-31";"537.95";"96323829";"Barbaraanne Fredi";"01/04/1963";"104 Dawn Drive";"07544564107"
"3548407560";"2023-02-01";"1058.7";"57084496";"11882775";"Basic";"2023-01-31";"299.41";"50701874";"Maggi Huard";"01/08/1935";"51 7th Place";"07487245589"
"5736260077";"2023-02-06";"1791.9";"69468071";"11882775";"Basic";"2023-01-31";"299.41";"50701874";"Maggi Huard";"01/08/1935";"51 7th Place";"07487245589"
"3101879213";"2023-02-04";"1367.4";"21392412";"14448009";"Joint";"2023-01-31";"958.46";"86296209";"Brinn Attkins";"13/10/1993";"70105 Hayes Way";"07538141937"
"319483649";"2023-02-08";"1779.2";"98377332";"14448009";"Joint";"2023-01-31";"958.46";"86296209";"Brinn Attkins";"13/10/1993";"70105 Hayes Way";"07538141937"
"7466187412";"2023-02-09";"1300.7";"37503622";"14448009";"Joint";"2023-01-31";"958.46";"86296209";"Brinn Attkins";"13/10/1993";"70105 Hayes Way";"07538141937"
"3101879213";"2023-02-04";"1367.4";"21392412";"14448009";"Joint";"2023-01-31";"958.46";"38678655";"Grayce Patel";"07/03/2000";"70105 Hayes Way";"07935804352"
"319483649";"2023-02-08";"1779.2";"98377332";"14448009";"Joint";"2023-01-31";"958.46";"38678655";"Grayce Patel";"07/03/2000";"70105 Hayes Way";"07935804352"
"7466187412";"2023-02-09";"1300.7";"37503622";"14448009";"Joint";"2023-01-31";"958.46";"38678655";"Grayce Patel";"07/03/2000";"70105 Hayes Way";"07935804352"
"1841176222";"2023-02-10";"1463.6";"81994568";"86218347";"Basic";"2023-01-31";"481.16";"97026896";"Gerik Ripsher";"19/10/1975";"74304 Kropf Parkway";"07881980183"
"9778671273";"2023-02-12";"1801.4";"91259453";"81855175";"Basic";"2023-01-31";"907.59";"40254216";"Iona Ehlerding";"14/11/1986";"14308 Heath Pass";"07469952982"
"3298186899";"2023-02-01";"1663.4";"96401230";"94060198";"Basic";"2023-01-31";"309.9";"20944328";"Scotti Bissiker";"29/05/1941";"283 Grasskamp Hill";"07977050145"
"1303697149";"2023-02-09";"1877.3";"92319358";"48071843";"Gold";"2023-01-31";"997.62";"56236132";"Roxanne Simmon";"04/05/2001";"8768 Sage Junction";"07833639896"
"5116128121";"2023-02-14";"1485.6";"10553619";"58306431";"Gold";"2023-01-31";"576.56";"14422849";"Uriel Murkus";"22/07/1957";"37 Hermina Plaza";"07522998076"
"3442958598";"2023-02-01";"1057.7";"50219545";"94796578";"Gold";"2023-01-31";"700.49";"1191449";"Elsie Screwton";"24/03/1940";"33 Miller Way";"07774236856"
"6377660596";"2023-02-08";"1010.6";"19956941";"74544582";"Basic";"2023-01-31";"407.96";"81784295";"Kelcey Rosenhaupt";"16/12/1980";"4456 Farwell Pass";"07546294865"
"6911274516";"2023-02-12";"1314.3";"85496714";"75747094";"Basic";"2023-01-31";"289.48";"80601641";"Edith Carmen";"23/12/2000";"61 Hansons Park";"07384976565"
"6590433992";"2023-02-13";"1678.8";"16026987";"42340050";"Basic";"2023-01-31";"935.61";"61687744";"Adorne Petworth";"24/03/1945";"45955 Darwin Lane";"07461742489"
"8776816028";"2023-02-08";"1127.4";"63556863";"30718836";"Gold";"2023-01-31";"360.78";"8555952";"Suzette Guilford";"16/06/1936";"23519 Lerdahl Point";"07820102363"
"5120287735";"2023-02-08";"1096.2";"37796234";"88482062";"Gold";"2023-01-31";"149.31";"30396380";"Hammad Cronin";"28/04/1959";"286 Holy Cross Circle";"07341322201"
"6437150580";"2023-02-14";"1209.0";"50219545";"48075275";"Basic";"2023-01-31";"881.31";"57981876";"Archy Putson";"23/08/1965";"8 Mosinee Road";"07563673747"
"5824449856";"2023-02-10";"1394.1";"88538200";"76662799";"Basic";"2023-01-31";"296.68";"75676679";"Lena McGiff";"29/06/1960";"6839 Nobel Road";"07530042054"
"7088915162";"2023-02-10";"1038.8";"78501355";"72971287";"Basic";"2023-01-31";"890.23";"4046861";"Ag Dabinett";"26/03/1954";"43624 Farmco Pass";"07415170675"
"4979321801";"2023-02-01";"1153.0";"67157564";"48569537";"Gold";"2023-01-31";"374.69";"7788927";"Cassius Winslett";"11/03/1961";"17 Huxley Drive";"07835911732"
"7250445162";"2023-02-13";"1393.1";"87967388";"15732629";"Basic";"2023-01-31";"975.81";"25018182";"Wyatan Stenbridge";"27/01/1934";"9 Waxwing Lane";"07112036766"
"8821866106";"2023-02-04";"1410.9";"25522226";"85994636";"Gold";"2023-01-31";"819.24";"41800403";"Chip Sedcole";"06/11/1985";"1346 Northwestern Junction";"07561752448"
"7092608562";"2023-02-08";"1800.8";"14397662";"86941058";"Gold";"2023-01-31";"337.99";"72060494";"Hew Le Noury";"12/02/1931";"2 Linden Avenue";"07111281452"
"9640473553";"2023-02-04";"1412.5";"69796371";"28380949";"Basic";"2023-01-31";"937.24";"5014059";"Gherardo Leng";"05/10/1988";"1968 Graedel Park";"07754173276"
"2499034262";"2023-02-02";"1501.3";"28251857";"11228111";"Basic";"2023-01-31";"130.36";"13413964";"Shae Oxberry";"05/08/1938";"9401 Village Pass";"07802003865"
"5514302946";"2023-02-08";"1330.7";"95081571";"14648004";"Gold";"2023-01-31";"236.67";"51124513";"Leila Peter";"15/11/1979";"28102 Nobel Crossing";"07911895533"
"7080051630";"2023-02-12";"1808.9";"77797288";"14648004";"Gold";"2023-01-31";"236.67";"51124513";"Leila Peter";"15/11/1979";"28102 Nobel Crossing";"07911895533"
"963672401";"2023-02-09";"1176.8";"42838186";"95390412";"Basic";"2023-01-31";"553.04";"49235988";"Wren Shedd";"27/06/1991";"26466 Ridgeview Court";"07991608640"
"6541213046";"2023-02-12";"1411.1";"29039134";"64402841";"Basic";"2023-01-31";"751.76";"87308766";"Rowney Pepin";"16/02/1949";"971 Homewood Drive";"07841846726"
"5596420425";"2023-02-01";"1264.3";"45790907";"40745965";"Gold";"2023-01-31";"654.15";"76131665";"Josepha Grattage";"03/11/1980";"59658 Crescent Oaks Street";"07151819613"
"5805207273";"2023-02-01";"1292.5";"87179572";"78362587";"Gold";"2023-01-31";"390.79";"23785249";"Derrik Fenelow";"28/02/1950";"6627 Union Center";"07290005814"
"560740182";"2023-02-02";"1499.9";"67147649";"78362587";"Gold";"2023-01-31";"390.79";"23785249";"Derrik Fenelow";"28/02/1950";"6627 Union Center";"07290005814"
"921255039";"2023-02-04";"1510.5";"81994568";"78362587";"Gold";"2023-01-31";"390.79";"23785249";"Derrik Fenelow";"28/02/1950";"6627 Union Center";"07290005814"
"7433054391";"2023-02-08";"1805.6";"44358901";"85874418";"Gold";"2023-01-31";"151.83";"52144670";"Barr Blazy";"18/03/1958";"97 Dunning Trail";"07184540087"
"9772705354";"2023-02-03";"1218.0";"83443439";"37878074";"Basic";"2023-01-31";"647.56";"2335740";"Lenci Bacon";"31/10/1979";"61470 Weeping Birch Parkway";"07802296799"
"2843750091";"2023-02-04";"1263.9";"20090784";"10553619";"Basic";"2023-01-31";"756.2";"58583983";"Dud Gaunt";"04/12/1983";"3 Canary Avenue";"07681115087"
"108536548";"2023-02-06";"1085.4";"86207903";"10553619";"Basic";"2023-01-31";"756.2";"58583983";"Dud Gaunt";"04/12/1983";"3 Canary Avenue";"07681115087"
"1391751167";"2023-02-12";"1111.4";"63298193";"85265080";"Gold";"2023-01-31";"992.6";"43664776";"Michelina Haeslier";"20/01/1991";"38843 Kensington Junction";"07330908928"
"7087580108";"2023-02-01";"1888.2";"44317934";"78296743";"Gold";"2023-01-31";"406.97";"63537200";"Silvain Gypson";"17/02/1989";"366 Hagan Drive";"07180030696"
"9442192019";"2023-02-02";"1180.2";"89088715";"66700123";"Joint";"2023-01-31";"175.15";"11926149";"Rene Erik";"17/01/1972";"92670 Garrison Place";"07134186207"
"9442192019";"2023-02-02";"1180.2";"89088715";"66700123";"Joint";"2023-01-31";"175.15";"47837176";"Rebekkah Blais";"10/03/1964";"92670 Garrison Place";"07527765994"
"5394880565";"2023-02-10";"1324.9";"19242274";"37369245";"Gold";"2023-01-31";"446.65";"24436370";"Ian Armin";"06/11/1978";"46128 Paget Way";"07315779675"
"7273869791";"2023-02-08";"1379.8";"19686460";"30112323";"Joint";"2023-01-31";"519.73";"32226966";"Flynn Largen";"30/09/1993";"9 Magdeline Alley";"07888467488"
"7273869791";"2023-02-08";"1379.8";"19686460";"30112323";"Joint";"2023-01-31";"519.73";"97840130";"Noreen Severwright";"18/07/1997";"9 Magdeline Alley";"07418460321"
"1911852973";"2023-02-07";"1282.4";"72716288";"76847816";"Gold";"2023-01-31";"197.8";"91111081";"Maribeth L'Episcopio";"04/12/1944";"81708 Almo Lane";"07146390021"
"8782463611";"2023-02-12";"1267.9";"15944303";"17749893";"Basic";"2023-01-31";"889.45";"48939723";"Klemens Gagan";"25/04/1957";"4 Green Way";"07404841393"
"752935623";"2023-02-07";"1121.9";"99514298";"26432558";"Gold";"2023-01-31";"465.32";"26897941";"Ruperto Durrand";"29/04/1984";"8 Straubel Pass";"07475777928"
"4527381423";"2023-02-02";"1351.2";"16984772";"56458213";"Gold";"2023-01-31";"731.3";"99878891";"Vasily McVeagh";"17/07/1963";"3 Dennis Plaza";"07375175770"
"7454571530";"2023-02-01";"2027.7";"25006771";"48976336";"Basic";"2023-01-31";"400.12";"2379564";"Dodie Clutram";"23/07/1981";"63 Declaration Lane";"07653511897"
"7547139418";"2023-02-01";"1393.7";"45688415";"34400277";"Gold";"2023-01-31";"207.59";"25267812";"Joscelin Ferraresi";"13/03/2003";"715 Bay Circle";"07127250410"
"7810071076";"2023-02-01";"1069.7";"85940057";"92750088";"Gold";"2023-01-31";"560.4";"65198894";"Roslyn Macconaghy";"18/08/1995";"60662 Eagan Lane";"07555458493"
"6201286004";"2023-02-04";"1320.2";"78945298";"57300901";"Basic";"2023-01-31";"302.87";"4794025";"Viviene Hellwing";"01/09/1931";"31233 Portage Lane";"07575280540"
"9533768649";"2023-02-11";"1035.1";"51771015";"86207903";"Gold";"2023-01-31";"911.44";"20865720";"Leeanne Oddey";"30/05/1935";"6125 Lake View Crossing";"07377002273"
"1612227368";"2023-02-02";"1640.2";"36668239";"49581833";"Basic";"2023-01-31";"117.56";"55839727";"Sherri Lafee";"19/03/1977";"65178 Lyons Junction";"07195798418"
"9128693981";"2023-02-08";"1032.4";"45015534";"18348734";"Basic";"2023-01-31";"579.93";"41598271";"Colene Rastrick";"24/03/1946";"8 Macpherson Terrace";"07955897701"
"2926917953";"2023-02-11";"1669.7";"96121732";"18348734";"Basic";"2023-01-31";"579.93";"41598271";"Colene Rastrick";"24/03/1946";"8 Macpherson Terrace";"07955897701"
"1716788439";"2023-02-10";"1524.4";"37945317";"25746852";"Gold";"2023-01-31";"320.7";"95536612";"Rivkah Iacapucci";"30/08/1954";"14 Weeping Birch Terrace";"07516033062"
"4023198668";"2023-02-14";"1485.7";"84187157";"25746852";"Gold";"2023-01-31";"320.7";"95536612";"Rivkah Iacapucci";"30/08/1954";"14 Weeping Birch Terrace";"07516033062"
"2076804692";"2023-02-04";"1131.3";"60017511";"71444662";"Gold";"2023-01-31";"276.78";"91632181";"Adelice Ghidoli";"04/07/1982";"52566 Shopko Street";"07319330281"
"8396185328";"2023-02-01";"1052.6";"69315008";"14355869";"Gold";"2023-01-31";"329.16";"21944580";"Shana Twentyman";"06/11/1959";"859 Springs Park";"07257069800"
"1019117125";"2023-02-02";"1502.2";"43623061";"10769769";"Basic";"2023-01-31";"906.91";"92082288";"Babbette Bromby";"24/05/1936";"447 Dwight Circle";"07355990194"
"495755869";"2023-02-08";"1051.3";"92155262";"70624878";"Gold";"2023-01-31";"328.5";"31108534";"Cobby Jedrzejewsky";"16/10/1997";"93122 Summit Point";"07444846231"
"6095910323";"2023-02-14";"2197.2";"43338400";"36551112";"Joint";"2023-01-31";"976.02";"13639076";"Hatti Bilverstone";"18/07/1939";"47934 East Road";"07443848042"
"7096571558";"2023-02-14";"1514.1";"40507682";"36551112";"Joint";"2023-01-31";"976.02";"13639076";"Hatti Bilverstone";"18/07/1939";"47934 East Road";"07443848042"
"6095910323";"2023-02-14";"2197.2";"43338400";"36551112";"Joint";"2023-01-31";"976.02";"82390119";"Bryn Chevin";"30/01/1971";"47934 East Road";"07581957205"
"7096571558";"2023-02-14";"1514.1";"40507682";"36551112";"Joint";"2023-01-31";"976.02";"82390119";"Bryn Chevin";"30/01/1971";"47934 East Road";"07581957205"
"8657927187";"2023-02-14";"1397.8";"11110085";"11662506";"Basic";"2023-01-31";"573.89";"41390313";"Leigh Slimings";"12/11/2002";"5841 Florence Circle";"07112224952"
"6998049056";"2023-02-10";"1202.5";"66706067";"59135815";"Basic";"2023-01-31";"240.6";"17893118";"Vivianna Pennycord";"19/04/1965";"252 Monument Junction";"07465002233"
"3827516005";"2023-02-02";"1774.7";"19980716";"77342574";"Gold";"2023-01-31";"907.34";"63713675";"Pace Le Guin";"02/12/1941";"3 2nd Way";"07280999435"
"6813115820";"2023-02-02";"1666.0";"35405748";"77342574";"Gold";"2023-01-31";"907.34";"63713675";"Pace Le Guin";"02/12/1941";"3 2nd Way";"07280999435"
"9013221270";"2023-02-01";"1500.7";"19559937";"17138963";"Basic";"2023-01-31";"131.95";"18184412";"Booth Vertigan";"04/07/1934";"29 Valley Edge Junction";"07359490161"
"1946831050";"2023-02-04";"1080.2";"13267945";"72934756";"Gold";"2023-01-31";"829.55";"81155648";"Andeee Targetter";"14/03/1959";"6 Oakridge Avenue";"07267888814"
"9357794492";"2023-02-01";"1072.7";"66586860";"51313899";"Gold";"2023-01-31";"189.04";"81877429";"Anabel Gumbrell";"07/09/1981";"75 Graedel Lane";"07780840548"
"9389881641";"2023-02-01";"1361.0";"97571696";"13551717";"Basic";"2023-01-31";"26.95";"68639654";"Crystal Jeacock";"24/03/1956";"762 Mosinee Circle";"07564586293"
"7429340245";"2023-02-14";"1137.7";"95993993";"55168205";"Basic";"2023-01-31";"578.4";"69619118";"Sunny Wyllis";"25/08/1956";"2 Hanover Way";"07480760286"
"9837530847";"2023-02-12";"1192.7";"31335654";"45196342";"Gold";"2023-01-31";"402.48";"48875359";"Briny Birckmann";"08/01/1932";"722 Russell Circle";"07545560274"
"6709818918";"2023-02-07";"1676.4";"33470885";"23962863";"Basic";"2023-01-31";"307.07";"19070345";"Alika Daspar";"22/07/1997";"30 Meadow Ridge Lane";"07720985909"
"46779876";"2023-02-02";"1019.5";"21694967";"82023979";"Gold";"2023-01-31";"744.37";"76986856";"Barb Eminson";"20/07/1974";"3149 American Ash Hill";"07748168711"
"8938004112";"2023-02-13";"1545.5";"49172838";"10864084";"Gold";"2023-01-31";"119.98";"69466662";"Dyana Gianullo";"27/11/1988";"763 Fulton Trail";"07517614468"
"202263606";"2023-02-02";"1028.8";"22035411";"99760030";"Gold";"2023-01-31";"988.0";"66659633";"Mata Brownett";"16/07/1931";"5 Kenwood Park";"07314541365"
"6282069041";"2023-02-08";"1360.9";"63298193";"24184530";"Joint";"2023-01-31";"37.87";"25651109";"Gates Slevin";"10/12/1972";"9 Holmberg Alley";"07334338009"
"6282069041";"2023-02-08";"1360.9";"63298193";"24184530";"Joint";"2023-01-31";"37.87";"55007557";"Westbrook Lisle";"03/02/1938";"9 Holmberg Alley";"07609148463"
"2073899234";"2023-02-05";"1233.7";"86941058";"57145139";"Gold";"2023-01-31";"708.46";"15236607";"Timofei Knibb";"27/02/1966";"7455 Raven Center";"07409125369"
"7930068617";"2023-02-09";"1301.5";"29303323";"91576212";"Basic";"2023-01-31";"824.71";"66781568";"Yankee Duffill";"12/12/1971";"8 Anniversary Alley";"07849849545"
"4965345649";"2023-02-05";"1152.5";"31183587";"45822265";"Basic";"2023-01-31";"881.34";"53505952";"Bella Grafton";"05/10/1951";"995 Canary Circle";"07348166588"
"7509646162";"2023-02-02";"1138.0";"29631870";"12035637";"Gold";"2023-01-31";"461.35";"14770865";"Tomasine Treend";"17/01/1942";"906 Vera Street";"07674822587"
"6023397263";"2023-02-08";"1169.6";"93009261";"12035637";"Gold";"2023-01-31";"461.35";"14770865";"Tomasine Treend";"17/01/1942";"906 Vera Street";"07674822587"
"1858273145";"2023-02-12";"1323.4";"43597919";"38606148";"Gold";"2023-01-31";"956.59";"35531295";"Sibelle Fryd";"17/04/1955";"3 Nova Lane";"07447580226"
"393779424";"2023-02-06";"1743.5";"88040274";"33832864";"Joint";"2023-01-31";"46.85";"11589612";"Currie Venditto";"27/09/1930";"65851 Lakewood Drive";"07134154463"
"393779424";"2023-02-06";"1743.5";"88040274";"33832864";"Joint";"2023-01-31";"46.85";"96513143";"Miof mela Yurasov";"02/08/1952";"65851 Lakewood Drive";"07801189448"
"7953628902";"2023-02-10";"1430.6";"81267006";"83003822";"Basic";"2023-01-31";"286.54";"30667689";"Paulie Gofton";"04/12/1957";"40 Oak Circle";"07504506285"
"6328472633";"2023-02-07";"1147.4";"49216581";"17301178";"Gold";"2023-01-31";"311.47";"11893969";"Cherey Edwardes";"03/09/1985";"8 Old Shore Hill";"07279335181"
"1492043389";"2023-02-02";"1436.3";"50959802";"38749064";"Gold";"2023-01-31";"569.98";"11822535";"Sileas Dogg";"31/05/1999";"17502 Vahlen Way";"07827162599"
"248526839";"2023-02-12";"1006.5";"98620342";"83530155";"Basic";"2023-01-31";"638.57";"85140865";"Doyle Abbyss";"15/05/1934";"1493 Tomscot Road";"07121818033"
"6895088164";"2023-02-11";"1813.6";"45021115";"96401230";"Basic";"2023-01-31";"21.44";"66935248";"Ursuline Doerrling";"24/03/1962";"45299 Corscot Center";"07892880079"
"6568574511";"2023-02-12";"1619.3";"54301151";"78395863";"Gold";"2023-01-31";"458.24";"43120555";"Martynne Leversha";"06/11/1989";"81 Algoma Crossing";"07109047769"
"176916326";"2023-02-12";"1955.6";"33632099";"18185362";"Basic";"2023-01-31";"609.36";"83289626";"Agace Sporle";"28/02/1999";"96 Emmet Pass";"07182359874"
"4140747293";"2023-02-14";"2134.6";"85156953";"20425065";"Basic";"2023-01-31";"866.77";"91790770";"Farrah Bernasek";"04/03/1995";"839 Bluestem Crossing";"07324300770"
"9770577936";"2023-02-09";"1246.4";"66681692";"13058003";"Gold";"2023-01-31";"218.0";"10055517";"Bastian Lunam";"02/10/1995";"33 Loomis Road";"07726925518"
"6420230608";"2023-02-02";"1157.4";"97258853";"23045208";"Gold";"2023-01-31";"359.49";"99152626";"Sheff Crowder";"15/07/1950";"979 Londonderry Pass";"07657988807"
"1030564639";"2023-02-07";"1372.5";"87556975";"60860851";"Basic";"2023-01-31";"17.96";"39258394";"Langston Gunson";"25/04/1931";"34619 Claremont Court";"07123651818"
"4692910372";"2023-02-06";"1032.3";"98940578";"80610910";"Basic";"2023-01-31";"139.54";"75817498";"Liva Sotheron";"04/10/1994";"33439 Dexter Trail";"07195063101"
"3960597703";"2023-02-08";"1127.1";"46913859";"26522255";"Gold";"2023-01-31";"283.67";"49366602";"Tessa Rosenthaler";"22/01/1972";"317 Kinsman Lane";"07859434217"
"6467222474";"2023-02-13";"1085.6";"65579734";"26522255";"Gold";"2023-01-31";"283.67";"49366602";"Tessa Rosenthaler";"22/01/1972";"317 Kinsman Lane";"07859434217"
"268051321";"2023-02-08";"1537.1";"83659554";"85848442";"Gold";"2023-01-31";"118.46";"20955168";"Ingaborg Bradnocke";"24/03/1938";"146 Waywood Circle";"07677453073"
"2625787309";"2023-02-11";"1742.7";"22374612";"92931020";"Gold";"2023-01-31";"754.11";"15721386";"Sibylla Dowry";"03/08/1975";"417 Schurz Parkway";"07700782305"
"8833165655";"2023-02-13";"1188.4";"27382109";"49516533";"Gold";"2023-01-31";"7.4";"20713805";"Kattie Sarvar";"28/12/1981";"4552 Merrick Plaza";"07135138253"
"520100581";"2023-02-07";"1653.3";"84964879";"24308337";"Basic";"2023-01-31";"764.57";"7073038";"Salvador Faichnie";"25/11/1990";"4832 Claremont Pass";"07898984641"
"8699896069";"2023-02-03";"1259.6";"76847816";"44902994";"Basic";"2023-01-31";"790.34";"38763037";"Elsi Payton";"22/03/1935";"54091 Surrey Alley";"07588400660"
"2926458525";"2023-02-05";"2112.8";"70469258";"50610780";"Basic";"2023-01-31";"536.41";"9900406";"Leone Stiegers";"27/07/1941";"912 Thackeray Lane";"07497531798"
"3478144698";"2023-02-02";"1695.5";"99481977";"76169332";"Basic";"2023-01-31";"615.46";"98682102";"Jacqueline Comello";"15/08/1933";"2669 Sommers Way";"07366780779"
"3493101317";"2023-02-02";"1273.1";"95467370";"39516154";"Gold";"2023-01-31";"620.87";"43881787";"Christalle Mitchel";"23/08/1956";"641 Banding Drive";"07445614911"
"4941311604";"2023-02-11";"1094.0";"10847941";"39516154";"Gold";"2023-01-31";"620.87";"43881787";"Christalle Mitchel";"23/08/1956";"641 Banding Drive";"07445614911"
"7972782466";"2023-02-06";"1042.0";"73642628";"21694967";"Basic";"2023-01-31";"90.13";"16928386";"Hadleigh Dabling";"28/09/1951";"4438 Cherokee Terrace";"07756723892"
"7550092060";"2023-02-06";"1161.4";"32888555";"69118170";"Basic";"2023-01-31";"109.35";"3277146";"Franky Syseland";"25/01/1951";"2 Atwood Center";"07210363393"
"9493811697";"2023-02-06";"1069.0";"96278865";"73439131";"Gold";"2023-01-31";"863.01";"82669243";"Lind Shaddock";"23/01/1971";"16 Bunting Trail";"07875585595"
"4513208813";"2023-02-02";"1298.8";"93981472";"56483442";"Gold";"2023-01-31";"151.85";"36729733";"Rudd Surmeir";"22/10/1970";"201 Parkside Road";"07941697234"
"7532678911";"2023-02-08";"1006.9";"45816894";"66706067";"Gold";"2023-01-31";"1.98";"75490620";"Leilah Godfroy";"14/01/1956";"18 Loftsgordon Crossing";"07801392491"
"6519971022";"2023-02-11";"1104.0";"18133554";"82911152";"Basic";"2023-01-31";"564.11";"968774";"Elmer Keable";"22/05/1979";"82 Cascade Road";"07858847361"
"4669799169";"2023-02-02";"1556.9";"17228160";"86870860";"Gold";"2023-01-31";"987.14";"5511073";"Cathrin Dallas";"26/06/1971";"422 Stang Place";"07534397126"
"9463323708";"2023-02-09";"1658.0";"64683004";"23971753";"Basic";"2023-01-31";"170.77";"51215896";"Shanon Howie";"14/01/1960";"17746 Comanche Center";"07672808451"
"4984550406";"2023-02-02";"1921.4";"56936624";"89905732";"Basic";"2023-01-31";"883.38";"48984477";"Noreen Strothers";"26/04/1994";"138 Moland Junction";"07750249364"
"184329213";"2023-02-04";"1454.9";"79033058";"23231848";"Gold";"2023-01-31";"27.12";"23989802";"Fee Moore";"05/04/1944";"30 Aberg Way";"07116175185"
"5001214122";"2023-02-02";"1559.2";"90951743";"58822254";"Basic";"2023-01-31";"79.7";"25507597";"Melodie Elstone";"12/09/1955";"81657 Pleasure Circle";"07369065448"
"5029081461";"2023-02-02";"1145.1";"65603779";"54377538";"Basic";"2023-01-31";"845.93";"51972414";"Vernon Nind";"05/06/1964";"6166 Toban Park";"07654658219"
"4852845719";"2023-02-04";"1349.2";"53234515";"57436108";"Gold";"2023-01-31";"899.46";"62421788";"Haven Nyland";"01/10/1938";"3 Dennis Road";"07629107844"
"5775240375";"2023-02-13";"1406.7";"14103210";"61279456";"Basic";"2023-01-31";"814.3";"14049841";"Brear Radenhurst";"07/08/1953";"2767 Drewry Point";"07499422184"
"5508208399";"2023-02-02";"1520.8";"79090076";"31670977";"Basic";"2023-01-31";"385.42";"85473694";"Arda Wofenden";"15/09/1964";"212 Park Meadow Plaza";"07656245152"
"9534445568";"2023-02-11";"1012.8";"77418940";"84366763";"Gold";"2023-01-31";"734.48";"50060956";"Hedda Breukelman";"16/08/1981";"5 Monument Circle";"07559993711"
"5891700549";"2023-02-02";"1824.3";"40189934";"23141588";"Joint";"2023-01-31";"281.28";"96910248";"Minne Sandeman";"22/12/1985";"49 Pond Pass";"07239963827"
"5891700549";"2023-02-02";"1824.3";"40189934";"23141588";"Joint";"2023-01-31";"281.28";"73445371";"Constanta Kellar";"28/05/1951";"49 Pond Pass";"07362058039"
"1934756474";"2023-02-10";"1987.3";"22830156";"57224848";"Joint";"2023-01-31";"30.59";"5704707";"Maxine Mitkov";"25/02/2003";"229 Lighthouse Bay Way";"07451886038"
"1934756474";"2023-02-10";"1987.3";"22830156";"57224848";"Joint";"2023-01-31";"30.59";"43197459";"Milt Laker";"27/03/1945";"229 Lighthouse Bay Way";"07631114748"
"8300680616";"2023-02-11";"1370.2";"15922706";"67056187";"Basic";"2023-01-31";"392.51";"69268250";"Rocky Matijasevic";"18/08/1987";"90 Garrison Lane";"07675049529"
"6309655094";"2023-02-06";"1107.9";"50276595";"27415805";"Basic";"2023-01-31";"902.28";"12646177";"Amber Reicharz";"08/02/1988";"33 Saint Paul Crossing";"07425560370"
"9309396490";"2023-02-08";"1244.2";"44228646";"42235537";"Basic";"2023-01-31";"165.2";"49493557";"Gilburt Sedgefield";"09/07/1961";"1587 Bunting Crossing";"07833801224"
"6438233536";"2023-02-02";"1193.3";"71718483";"78343618";"Basic";"2023-01-31";"30.43";"38347662";"Torrence Owtram";"23/07/1992";"84 Pepper Wood Pass";"07848649593"
"2837013145";"2023-02-03";"1632.0";"87801896";"78343618";"Basic";"2023-01-31";"30.43";"38347662";"Torrence Owtram";"23/07/1992";"84 Pepper Wood Pass";"07848649593"
"3858103926";"2023-02-09";"1485.0";"76869201";"43811112";"Gold";"2023-01-31";"99.92";"79342137";"Tremain Eilert";"06/01/1951";"29401 Sachtjen Trail";"07881749686"
"4359027095";"2023-02-10";"1098.2";"52835507";"21749252";"Gold";"2023-01-31";"646.27";"12675951";"Mufinella Hamor";"24/12/1969";"7833 Alpine Alley";"07554653747"
"6955368524";"2023-02-02";"1117.0";"82764940";"54589543";"Gold";"2023-01-31";"817.51";"38862266";"Dorie Dehn";"21/09/2003";"31 Farragut Place";"07933456967"
"7413234025";"2023-02-05";"1022.3";"28822117";"26888158";"Basic";"2023-01-31";"473.02";"76785724";"Arlie Bruneton";"23/03/1942";"981 Bay Alley";"07453783238"
"4265537685";"2023-02-06";"1695.0";"93009261";"19094015";"Basic";"2023-01-31";"548.65";"39028764";"Tom Twell";"11/08/1940";"995 Debs Lane";"07512644141"
"7252109585";"2023-02-02";"1190.9";"69344396";"10232603";"Gold";"2023-01-31";"732.55";"8882143";"Kizzee Puddephatt";"18/10/2003";"72404 Maywood Avenue";"07598835878"
"9161410454";"2023-02-10";"1128.4";"91972687";"10232603";"Gold";"2023-01-31";"732.55";"8882143";"Kizzee Puddephatt";"18/10/2003";"72404 Maywood Avenue";"07598835878"
"4126942025";"2023-02-04";"1548.2";"35721788";"90951743";"Gold";"2023-01-31";"220.81";"5263889";"Meghan Axel";"04/11/2004";"50314 Steensland Park";"07130575569"
"3588310436";"2023-02-11";"1991.3";"33632099";"16334793";"Gold";"2023-01-31";"297.75";"79475074";"Madelon Jerrolt";"17/05/1964";"39 Lindbergh Terrace";"07786860214"
"3977310534";"2023-02-04";"1639.2";"58126511";"62222306";"Gold";"2023-01-31";"304.45";"15491759";"Marice Brunsdon";"05/07/1956";"4120 Monterey Parkway";"07718039705"
"5011570401";"2023-02-03";"2285.6";"10271519";"63232279";"Basic";"2023-01-31";"931.78";"24064962";"Ronnie Shoebrook";"27/10/1986";"55543 Schlimgen Trail";"07699578127"
"8063200519";"2023-02-02";"2269.2";"20705548";"26874415";"Basic";"2023-01-31";"19.62";"76949132";"Darnall Wreath";"23/12/1934";"51 Paget Terrace";"07873449517"
"8176605085";"2023-02-02";"1586.6";"58547184";"26109213";"Gold";"2023-01-31";"698.97";"66590459";"Sheffie Domelow";"20/10/1963";"9 Scofield Alley";"07436094644"
"8219618701";"2023-02-02";"1902.2";"51793205";"25768265";"Gold";"2023-01-31";"702.22";"9494073";"Lilly Sullens";"14/10/1951";"323 5th Point";"07249501650"
"6855294456";"2023-02-06";"1502.6";"88732093";"25768265";"Gold";"2023-01-31";"702.22";"9494073";"Lilly Sullens";"14/10/1951";"323 5th Point";"07249501650"
"9341982960";"2023-02-03";"1179.0";"44066457";"84969883";"Gold";"2023-01-31";"672.74";"77851802";"Sissy Escofier";"30/08/1993";"89512 Eastlawn Trail";"07803681200"
"2285320620";"2023-02-09";"1726.4";"89645445";"37789180";"Gold";"2023-01-31";"854.05";"33936785";"Conni Horry";"22/01/1989";"4145 Sloan Drive";"07395966131"
"8489908664";"2023-02-06";"1024.2";"85344981";"72208029";"Gold";"2023-01-31";"11.37";"85019845";"Daphna Aizikovitz";"13/09/1982";"587 Oxford Plaza";"07750510983"
"1575348896";"2023-02-08";"1908.7";"77841390";"89632856";"Basic";"2023-01-31";"557.83";"85052483";"Gordan Paul";"29/05/1972";"882 Schurz Lane";"07592938722"
"6575815251";"2023-02-07";"1029.9";"26632358";"77554032";"Gold";"2023-01-31";"646.5";"88425247";"Randi Rubinivitz";"27/03/1979";"14 Rigney Crossing";"07367414287"
"9813247657";"2023-02-02";"1495.8";"73668192";"39267013";"Basic";"2023-01-31";"516.74";"36802473";"Penny Bartolommeo";"08/05/1993";"423 Cascade Lane";"07674320345"
"5673229496";"2023-02-10";"1580.9";"41085190";"82764940";"Gold";"2023-01-31";"876.37";"76581569";"Becca Neasham";"12/04/1975";"6 Raven Place";"07801802851"
"8063078454";"2023-02-06";"1003.2";"43499771";"22099256";"Basic";"2023-01-31";"523.78";"63118786";"Mikael Poulney";"10/09/1947";"27867 Bartillon Hill";"07929745585"
"187032653";"2023-02-06";"1947.3";"54565625";"80360244";"Basic";"2023-01-31";"658.35";"4116700";"Elysia Holah";"10/08/1973";"8420 Sugar Center";"07662674087"
"7411217719";"2023-02-04";"1266.4";"78362587";"54288062";"Basic";"2023-01-31";"336.75";"68699676";"Ardelle Lazar";"20/09/1938";"43221 Spaight Place";"07407503871"
"5059383865";"2023-02-10";"1289.6";"37642787";"43064169";"Basic";"2023-01-31";"555.44";"60315798";"Estelle Lemerie";"15/03/1953";"5497 Mesta Park";"07800404494"
"9323740667";"2023-02-03";"1488.0";"51313899";"36114551";"Joint";"2023-01-31";"876.22";"94427744";"Verile Briggs";"25/11/1996";"220 Bonner Road";"07476103800"
"9323740667";"2023-02-03";"1488.0";"51313899";"36114551";"Joint";"2023-01-31";"876.22";"85245755";"Janey Stag";"08/07/1944";"220 Bonner Road";"07710907490"
"4895409996";"2023-02-04";"1246.9";"29017229";"37503622";"Gold";"2023-01-31";"630.18";"74993234";"Judah Shemwell";"25/10/1996";"293 Monument Junction";"07704105958"
"9166816564";"2023-02-04";"1395.3";"68558850";"37503622";"Gold";"2023-01-31";"630.18";"74993234";"Judah Shemwell";"25/10/1996";"293 Monument Junction";"07704105958"
"5402673276";"2023-02-04";"1218.0";"71266283";"40872555";"Gold";"2023-01-31";"115.88";"77433044";"Ewell Ducker";"02/11/1978";"8 Morrow Court";"07276923375"
"1017702039";"2023-02-03";"1569.4";"23959928";"46215382";"Gold";"2023-01-31";"549.77";"58028872";"Dayna Wanklyn";"26/03/1966";"72808 Towne Place";"07602067324"
"1118814797";"2023-02-03";"1791.6";"72008772";"82920281";"Basic";"2023-01-31";"41.13";"30951349";"Fernanda Silvester";"22/06/1956";"55 Sugar Parkway";"07264886209"
"9187890232";"2023-02-08";"1123.1";"46597215";"76546657";"Gold";"2023-01-31";"434.77";"15219884";"Nathanil Crate";"30/11/1974";"3 Beilfuss Alley";"07149355836"
"1571769293";"2023-02-03";"1253.8";"79933337";"81445756";"Basic";"2023-01-31";"267.66";"62579126";"Mic Knok";"24/04/1996";"81645 Menomonie Hill";"07865262263"
"2973618347";"2023-02-14";"1297.2";"72809943";"68708795";"Basic";"2023-01-31";"399.11";"67892807";"Berna Hawgood";"25/02/1982";"3 Dexter Terrace";"07256434196"
"2041596503";"2023-02-03";"1278.2";"76146870";"30374840";"Basic";"2023-01-31";"564.42";"1420664";"Devlen Rous";"25/07/1986";"4 Hudson Crossing";"07351387322"
"252031857";"2023-02-10";"1585.0";"91829198";"30374840";"Basic";"2023-01-31";"564.42";"1420664";"Devlen Rous";"25/07/1986";"4 Hudson Crossing";"07351387322"
"215959175";"2023-02-13";"1619.8";"64065043";"55986027";"Basic";"2023-01-31";"38.94";"52570643";"Honey Marns";"08/04/1956";"637 Schmedeman Alley";"07121727227"
"2072542154";"2023-02-03";"1016.9";"98671410";"91658755";"Basic";"2023-01-31";"347.59";"54385365";"Derk McCullough";"10/12/2001";"50 Declaration Plaza";"07112324244"
"3873340968";"2023-02-06";"1053.5";"91971494";"17039422";"Basic";"2023-01-31";"941.44";"38814096";"Agna Blenkiron";"04/05/1980";"57 Harbort Trail";"07407748492"
"3449677802";"2023-02-11";"1199.0";"74604471";"60667043";"Gold";"2023-01-31";"937.62";"81635721";"Xaviera Morecombe";"06/06/1936";"83 Cascade Court";"07734631525"
"634727354";"2023-02-07";"1107.6";"89225677";"75762044";"Basic";"2023-01-31";"980.08";"74637124";"Holt Hughes";"19/10/1954";"968 Bartelt Alley";"07493217015"
"4793151094";"2023-02-09";"1131.6";"67862200";"52117174";"Gold";"2023-01-31";"932.96";"65018825";"Kaela Ladbrook";"09/07/1933";"16573 Dryden Road";"07504495688"
"7362541414";"2023-02-14";"1650.9";"26375186";"58720727";"Gold";"2023-01-31";"471.56";"31882285";"Minda Ewols";"22/08/1989";"80437 Farmco Court";"07456143918"
"768678234";"2023-02-05";"1292.8";"30565855";"38921478";"Gold";"2023-01-31";"641.48";"58538323";"Everett Beazer";"04/11/1933";"83244 Veith Avenue";"07197761533"
"3741609099";"2023-02-03";"1462.8";"38990596";"52442629";"Basic";"2023-01-31";"617.92";"42457169";"Paulita Samme";"20/07/1953";"52 Clemons Road";"07113330058"
"829155724";"2023-02-08";"2113.3";"16312979";"85140734";"Basic";"2023-01-31";"699.57";"88446254";"Randene Teesdale";"30/06/1985";"255 Gina Junction";"07480366801"
"7747292902";"2023-02-12";"1071.4";"85559926";"33470885";"Basic";"2023-01-31";"531.96";"26051326";"Saunderson Torrance";"11/05/1975";"68959 Banding Drive";"07196424619"
"3925247009";"2023-02-03";"1266.7";"68775529";"95993993";"Basic";"2023-01-31";"95.41";"76019106";"Elmore Byrne";"02/11/2002";"8 Calypso Way";"07869804011"
"8549509183";"2023-02-09";"1045.1";"18348734";"65754176";"Basic";"2023-01-31";"716.55";"50008491";"King Wooler";"27/12/1975";"9925 Weeping Birch Plaza";"07310078589"
"4754885082";"2023-02-03";"1529.4";"75164598";"37256412";"Gold";"2023-01-31";"24.43";"62294750";"Geneva Stovin";"18/04/2000";"7 Straubel Hill";"07417143574"
"8249004485";"2023-02-04";"1465.5";"42652193";"57948925";"Basic";"2023-01-31";"194.11";"34409128";"Sigismond Merrikin";"09/07/1942";"98805 Namekagon Court";"07427994477"
"9129991358";"2023-02-13";"1505.7";"76343783";"57948925";"Basic";"2023-01-31";"194.11";"34409128";"Sigismond Merrikin";"09/07/1942";"98805 Namekagon Court";"07427994477"
"1160194041";"2023-02-06";"1543.0";"26432558";"38487215";"Gold";"2023-01-31";"780.01";"13709133";"Aubrey Jamieson";"13/02/1971";"3 Tony Lane";"07569932617"
"4571894759";"2023-02-11";"1944.9";"89369216";"94208888";"Gold";"2023-01-31";"97.84";"69364893";"Stephine Paprotny";"09/11/1996";"48728 Maywood Center";"07907183989"
"4052648021";"2023-02-06";"1176.9";"23271383";"71280775";"Basic";"2023-01-31";"427.44";"48284526";"Harmon Monroe";"08/05/1990";"76 Myrtle Crossing";"07952399339"
"4143382547";"2023-02-04";"1059.1";"81475774";"53753986";"Gold";"2023-01-31";"252.69";"70147733";"Georgie Hampton";"01/11/1930";"7 Springview Drive";"07825742292"
"5282224801";"2023-02-03";"2128.4";"24434457";"70231750";"Basic";"2023-01-31";"749.6";"11858841";"Erin Zelland";"19/01/1985";"832 Delaware Point";"07506533244"
"7448776126";"2023-02-04";"1618.2";"88926132";"70231750";"Basic";"2023-01-31";"749.6";"11858841";"Erin Zelland";"19/01/1985";"832 Delaware Point";"07506533244"
"5723530860";"2023-02-03";"1223.8";"47356348";"12420291";"Gold";"2023-01-31";"578.47";"55080160";"Rozele Chippindale";"30/11/1994";"128 Sommers Trail";"07849008825"
"4025620235";"2023-02-07";"1522.0";"45543867";"41085190";"Basic";"2023-01-31";"78.73";"16982197";"Drucie Adamkiewicz";"18/01/1933";"533 Steensland Road";"07956341732"
"7559132731";"2023-02-08";"1168.1";"79570236";"41085190";"Basic";"2023-01-31";"78.73";"16982197";"Drucie Adamkiewicz";"18/01/1933";"533 Steensland Road";"07956341732"
"9074617751";"2023-02-04";"1369.6";"78234498";"98717357";"Basic";"2023-01-31";"183.63";"89126161";"Mariana Aburrow";"02/12/1955";"6 Darwin Pass";"07188572854"
"9845010989";"2023-02-11";"1851.4";"32991596";"11736814";"Basic";"2023-01-31";"381.51";"73941848";"Meghann Tucker";"30/01/1938";"5 Beilfuss Court";"07367647078"
"1912023679";"2023-02-14";"1157.1";"50959802";"38903150";"Basic";"2023-01-31";"263.28";"97947050";"Noellyn Scotney";"28/08/1985";"24 Nancy Terrace";"07760234692"
"5518845170";"2023-02-06";"1204.5";"63301094";"47406737";"Gold";"2023-01-31";"963.14";"49321899";"Cece Dyde";"22/11/1993";"684 Vera Parkway";"07748112315"
"1619996944";"2023-02-07";"1760.8";"43811112";"66152145";"Basic";"2023-01-31";"83.45";"38808976";"Arvy Brogiotti";"25/03/1962";"6156 Eggendart Parkway";"07284297046"
"8821350304";"2023-02-05";"1295.5";"64237458";"80787776";"Gold";"2023-01-31";"460.46";"40267424";"Saundra Hargitt";"01/09/1988";"7211 Eastlawn Junction";"07281724264"
"4129627066";"2023-02-12";"1354.4";"24250015";"58009817";"Gold";"2023-01-31";"887.22";"52235668";"Cilka Krugmann";"11/11/1936";"2 Melby Street";"07903604793"
"4309240577";"2023-02-12";"1601.3";"25941557";"25677428";"Basic";"2023-01-31";"307.44";"3527714";"Ivy Kiera";"27/05/1982";"6703 Arkansas Parkway";"07492070482"
"8811694280";"2023-02-06";"1359.0";"25510430";"99791709";"Gold";"2023-01-31";"15.05";"94872412";"Tabby Matteotti";"13/10/1962";"7517 Aberg Plaza";"07586210387"
"1716564794";"2023-02-13";"1582.4";"11333185";"45089475";"Gold";"2023-01-31";"676.92";"9075825";"Stanley Hayball";"26/02/1998";"7834 Messerschmidt Pass";"07152885450"
"1054269300";"2023-02-08";"1119.6";"77917083";"54377130";"Basic";"2023-01-31";"425.86";"56387568";"Carmela Warrilow";"20/08/1959";"8 Laurel Parkway";"07816201787"
"8434042169";"2023-02-03";"1882.4";"23815822";"21711501";"Basic";"2023-01-31";"126.63";"35823678";"Marcelo Gebby";"01/01/1957";"4 Artisan Alley";"07749225564"
"7999582050";"2023-02-06";"1912.9";"97258853";"97983552";"Gold";"2023-01-31";"584.92";"75056893";"Hillier Pressdee";"08/11/1962";"1 Pawling Lane";"07882084471"
"5451548633";"2023-02-13";"1226.1";"53831793";"44066457";"Basic";"2023-01-31";"18.09";"95080512";"Anjanette Thridgould";"03/08/1949";"8 Twin Pines Lane";"07277983085"
"9131693652";"2023-02-13";"1503.4";"34252525";"54032229";"Basic";"2023-01-31";"176.12";"91467409";"Marlie Benadette";"18/10/1975";"8279 Monument Lane";"07176111121"
"7505483471";"2023-02-11";"1777.8";"81561788";"60114464";"Basic";"2023-01-31";"972.56";"5671967";"Eddie Wrate";"22/03/1953";"3482 Birchwood Terrace";"07177929734"
"9909979543";"2023-02-03";"1566.6";"10034341";"53161068";"Gold";"2023-01-31";"945.53";"34071507";"Neill Jowle";"20/01/1984";"8 Marquette Crossing";"07185971315"
"973180730";"2023-02-13";"1487.7";"26632358";"11346696";"Basic";"2023-01-31";"661.99";"82550379";"Sonnnie Lettington";"10/09/1956";"6 Homewood Junction";"07690573888"
"3203866781";"2023-02-06";"1792.7";"86339899";"14337606";"Basic";"2023-01-31";"561.8";"85170206";"Em Willicott";"25/11/1943";"7776 Parkside Way";"07460992733"
"8603111812";"2023-02-05";"2160.7";"21558805";"38969279";"Gold";"2023-01-31";"195.74";"62429538";"Ambros Fitzgerald";"11/06/1998";"88 Sugar Crossing";"07326699118"
"7185989434";"2023-02-11";"1677.5";"75134291";"59705091";"Gold";"2023-01-31";"631.05";"72072902";"Benedicta Pandya";"25/09/1951";"95610 Memorial Street";"07103973839"
"974884987";"2023-02-04";"1315.2";"44228646";"82776251";"Basic";"2023-01-31";"747.11";"87578446";"Morlee Urridge";"09/01/1979";"1 Towne Park";"07504374105"
"5048240294";"2023-02-12";"1640.8";"77026279";"52855120";"Basic";"2023-01-31";"880.21";"72044461";"Delmor Anniwell";"07/09/1988";"2685 Pankratz Plaza";"07115991231"
"1066977682";"2023-02-04";"1268.7";"84714323";"10725127";"Basic";"2023-01-31";"984.69";"34435244";"Adeline Oxer";"22/11/1998";"97044 Meadow Vale Avenue";"07810160404"
"7917784223";"2023-02-09";"1386.8";"24123707";"35506101";"Gold";"2023-01-31";"713.65";"39867567";"Adrianne Pree";"26/02/1995";"939 Sugar Hill";"07549505592"
"9825475447";"2023-02-08";"2591.7";"49840526";"95213279";"Gold";"2023-01-31";"441.59";"22633722";"Karole Pointing";"07/03/1977";"6232 Steensland Way";"07911233080"
"1244052175";"2023-02-06";"1436.4";"16013218";"16676577";"Gold";"2023-01-31";"407.24";"28090300";"Byrle Bianco";"12/07/1997";"5 Acker Street";"07766660402"
"1542635829";"2023-02-09";"1606.6";"63845700";"28595197";"Basic";"2023-01-31";"897.68";"88613935";"Karmen Hunnybun";"04/12/1937";"40 Comanche Crossing";"07261375925"
"2838292226";"2023-02-09";"1530.9";"49840526";"52104303";"Gold";"2023-01-31";"810.97";"2746224";"Fulton Cush";"17/11/1935";"2484 Hagan Pass";"07818008990"
"7934676808";"2023-02-12";"1482.9";"69664627";"10243581";"Gold";"2023-01-31";"104.27";"84620072";"Kalvin Duetschens";"27/03/1965";"19032 Duke Parkway";"07727619510"
"2239143797";"2023-02-04";"1593.8";"12666385";"48831634";"Basic";"2023-01-31";"146.94";"60122537";"Rockie Neasham";"14/07/1932";"7 Warrior Pass";"07214495114"
"4303172405";"2023-02-11";"1243.0";"71381278";"48831634";"Basic";"2023-01-31";"146.94";"60122537";"Rockie Neasham";"14/07/1932";"7 Warrior Pass";"07214495114"
"1922898643";"2023-02-10";"1124.9";"67270354";"98886699";"Basic";"2023-01-31";"300.31";"36883145";"Hattie Alred";"14/11/1975";"3638 Jenifer Alley";"07877076782"
"9337783533";"2023-02-08";"1872.8";"85924719";"39093565";"Basic";"2023-01-31";"107.2";"8430162";"Reinaldos Pottberry";"16/07/1991";"84585 Anderson Alley";"07206025405"
"9767173250";"2023-02-09";"1169.4";"35330225";"30623117";"Gold";"2023-01-31";"266.92";"50151829";"Hedwig Lehrer";"01/12/2003";"848 Northview Center";"07707692226"
"8426476287";"2023-02-12";"1251.2";"76256026";"57084496";"Gold";"2023-01-31";"58.05";"26325259";"Fayth Baude";"22/11/1937";"453 Debra Crossing";"07728350778"
"7839551769";"2023-02-10";"1575.6";"46064017";"70469258";"Gold";"2023-01-31";"868.53";"4813767";"Gabie Comi";"21/01/1969";"548 Lawn Hill";"07838706062"
"3268335284";"2023-02-08";"1051.4";"61781801";"80678427";"Basic";"2023-01-31";"97.72";"90881466";"Miguelita Wildbore";"03/02/1976";"134 Gale Hill";"07865100182"
"4504569876";"2023-02-12";"1153.9";"64228624";"22830156";"Basic";"2023-01-31";"596.06";"18931952";"Elli Cater";"04/11/1942";"401 Summerview Terrace";"07563267406"
"6120688943";"2023-02-13";"2264.3";"75468090";"88926132";"Gold";"2023-01-31";"275.1";"14706162";"Anissa Tousy";"01/02/1980";"8645 Washington Center";"07298044839"
"9632604202";"2023-02-07";"1679.8";"27203821";"37004975";"Basic";"2023-01-31";"635.77";"78209509";"Sid Tinsey";"20/03/1969";"7586 7th Avenue";"07762739943"
"1369012101";"2023-02-08";"1290.2";"13274987";"37004975";"Basic";"2023-01-31";"635.77";"78209509";"Sid Tinsey";"20/03/1969";"7586 7th Avenue";"07762739943"
"4758584850";"2023-02-04";"1610.8";"78501355";"42746180";"Gold";"2023-01-31";"12.15";"21573282";"Tadio Pettersen";"06/04/1986";"9 Del Mar Avenue";"07437806282"
"4363519207";"2023-02-13";"1756.0";"62862427";"34017695";"Basic";"2023-01-31";"672.46";"78166725";"Herbie Matresse";"12/06/1986";"5417 Iowa Avenue";"07915593923"
"2862721220";"2023-02-14";"2002.7";"69796371";"34017695";"Basic";"2023-01-31";"672.46";"78166725";"Herbie Matresse";"12/06/1986";"5417 Iowa Avenue";"07915593923"
"8875038309";"2023-02-04";"1702.7";"23415061";"62213525";"Gold";"2023-01-31";"45.68";"60293593";"Nanice Wegener";"14/05/1993";"671 Dottie Court";"07988756428"
"5990349416";"2023-02-06";"1524.9";"25698177";"59653557";"Basic";"2023-01-31";"649.61";"19978668";"Kellyann Lathom";"14/09/1965";"24 Macpherson Street";"07109322093"
"6977551879";"2023-02-09";"1043.8";"13197335";"51718829";"Gold";"2023-01-31";"260.45";"76945325";"Allister Cheal";"30/09/1976";"15350 Sullivan Trail";"07778730139"
"2640055526";"2023-02-12";"1143.7";"79329254";"63714888";"Basic";"2023-01-31";"632.75";"53161387";"Dennison Plank";"08/04/1997";"137 Iowa Circle";"07698172293"
"4141638013";"2023-02-11";"1107.1";"10437896";"86339581";"Gold";"2023-01-31";"91.76";"24842148";"Cathie Arnaldi";"03/07/1931";"162 Larry Plaza";"07436688971"
"5792539529";"2023-02-10";"1275.4";"60114464";"45790907";"Basic";"2023-01-31";"567.67";"15667286";"Trudy Labbey";"12/02/1931";"77582 Anthes Road";"07725306240"
"6692625831";"2023-02-12";"1534.6";"28811285";"94677908";"Gold";"2023-01-31";"343.33";"29459094";"Bonnibelle Filpi";"07/05/1969";"9182 Gale Trail";"07949922939"
"7254890195";"2023-02-09";"1558.7";"17024652";"67911201";"Basic";"2023-01-31";"762.17";"80857670";"Lucienne Mowsdell";"09/07/1958";"60633 Anzinger Drive";"07991778658"
"3724174004";"2023-02-06";"1409.6";"84448752";"37319261";"Basic";"2023-01-31";"574.42";"41867130";"Antonia Storrie";"29/07/1985";"1733 Bunting Lane";"07360930651"
"9598995518";"2023-02-14";"1365.0";"53376344";"94973297";"Basic";"2023-01-31";"761.68";"27881994";"Vida Chiverstone";"15/04/1998";"6 Mayer Court";"07775774111"
"7180602892";"2023-02-04";"1705.8";"64769583";"40189934";"Gold";"2023-01-31";"804.21";"80955918";"Jaquelyn Cortin";"25/10/1976";"9 Roth Junction";"07933791829"
"7092708192";"2023-02-05";"1136.4";"88551691";"85940057";"Gold";"2023-01-31";"521.37";"46366084";"Luce Hemphrey";"11/04/1991";"55 Ilene Terrace";"07531937123"
"652262031";"2023-02-12";"1682.4";"72986897";"65200379";"Basic";"2023-01-31";"4.27";"69150184";"Shirl Schulter";"27/04/1977";"61202 Red Cloud Park";"07688231017"
"6830655218";"2023-02-10";"1499.1";"38969279";"90090889";"Gold";"2023-01-31";"836.85";"2077545";"Janet Keetley";"23/08/1957";"83695 Pleasure Crossing";"07801359750"
"8535701494";"2023-02-04";"1361.0";"85994636";"81384411";"Basic";"2023-01-31";"175.86";"19508036";"Donella Stutely";"16/09/1992";"74 Fremont Court";"07497282395"
"6596987310";"2023-02-11";"1136.3";"33915504";"67561762";"Basic";"2023-01-31";"469.23";"59474952";"Normand Ginty";"05/04/1952";"76877 Brown Avenue";"07197800109"
"9198830945";"2023-02-04";"1795.8";"77551209";"57108303";"Gold";"2023-01-31";"737.04";"57161447";"Barbara-anne Kiehl";"03/08/1971";"79 Crest Line Park";"07138794713"
"8896546893";"2023-02-10";"1800.7";"18718399";"84188877";"Basic";"2023-01-31";"624.29";"74717793";"Milly McCullogh";"23/07/1966";"6491 Northview Junction";"07311953078"
"6666668774";"2023-02-11";"1273.1";"68973836";"84188877";"Basic";"2023-01-31";"624.29";"74717793";"Milly McCullogh";"23/07/1966";"6491 Northview Junction";"07311953078"
"9369412115";"2023-02-04";"1231.2";"78076137";"43329727";"Gold";"2023-01-31";"477.69";"18734931";"Cornelle Maytom";"12/02/2001";"10 Raven Trail";"07869160177"
"9596601547";"2023-02-04";"2122.7";"22137086";"68483071";"Gold";"2023-01-31";"25.88";"64252861";"Bendicty Skipping";"10/04/1965";"27675 Talisman Junction";"07949590159"
"7335798604";"2023-02-05";"1580.8";"15793232";"68483071";"Gold";"2023-01-31";"25.88";"64252861";"Bendicty Skipping";"10/04/1965";"27675 Talisman Junction";"07949590159"
"7898967763";"2023-02-09";"1340.1";"47091705";"82314789";"Basic";"2023-01-31";"735.77";"32672743";"Carrie Agdahl";"01/11/1944";"890 Sutteridge Court";"07526689864"
"4969871574";"2023-02-12";"1224.6";"13426667";"63486424";"Basic";"2023-01-31";"531.83";"88503839";"Edvard Vearncomb";"04/07/1966";"229 Evergreen Drive";"07752063269"
"4658575884";"2023-02-14";"1145.9";"69556322";"67090449";"Gold";"2023-01-31";"724.35";"50912564";"Dottie Ladd";"19/10/1978";"22552 Harper Junction";"07734614888"
"3488111660";"2023-02-11";"1215.8";"88568543";"26506201";"Basic";"2023-01-31";"592.7";"85422591";"Morton Heggs";"09/07/1949";"327 Caliangt Road";"07505844255"
"512522472";"2023-02-05";"1625.6";"32192958";"66341438";"Basic";"2023-01-31";"685.06";"59058746";"Cairistiona Stoeckle";"12/05/1982";"9 Linden Pass";"07580758768"
"1422621332";"2023-02-13";"1013.4";"49581833";"66341438";"Basic";"2023-01-31";"685.06";"59058746";"Cairistiona Stoeckle";"12/05/1982";"9 Linden Pass";"07580758768"
"634577484";"2023-02-05";"1922.5";"37561049";"85192761";"Gold";"2023-01-31";"982.48";"96807896";"Mohandas Terrazzo";"24/05/1970";"19370 Nancy Junction";"07357309650"
"858330121";"2023-02-05";"1712.2";"11110085";"98882225";"Basic";"2023-01-31";"881.65";"41639376";"Correna Rhymer";"23/05/1997";"64 Portage Court";"07266417443"
"8141884395";"2023-02-11";"1363.6";"60017511";"62256127";"Gold";"2023-01-31";"784.39";"28577325";"Berri Bradberry";"12/07/1994";"43 Schlimgen Pass";"07528399319"
"5425969864";"2023-02-12";"1491.7";"36696277";"62256127";"Gold";"2023-01-31";"784.39";"28577325";"Berri Bradberry";"12/07/1994";"43 Schlimgen Pass";"07528399319"
"1097057445";"2023-02-05";"1110.7";"21293955";"22374612";"Gold";"2023-01-31";"554.31";"27330896";"Eleonore Raphael";"09/06/1987";"2 Farragut Terrace";"07100932184"
"2094371123";"2023-02-10";"1725.1";"45859156";"51471469";"Gold";"2023-01-31";"611.19";"17600617";"Elli Hazleton";"08/12/1981";"89314 Monica Lane";"07671784422"
"5172123717";"2023-02-14";"1773.6";"19334563";"85723355";"Gold";"2023-01-31";"745.34";"84700550";"Valle Gebuhr";"23/09/1989";"8 Bunting Parkway";"07784016153"
"213599996";"2023-02-08";"1368.6";"84448752";"22137086";"Basic";"2023-01-31";"410.35";"42903192";"Kerry Gaze";"29/06/1992";"3 Esker Place";"07903643984"
"4025712466";"2023-02-09";"1288.6";"72784766";"22137086";"Basic";"2023-01-31";"410.35";"42903192";"Kerry Gaze";"29/06/1992";"3 Esker Place";"07903643984"
"8307972981";"2023-02-09";"1679.2";"93446276";"61860337";"Basic";"2023-01-31";"892.77";"54445053";"Ursuline Netti";"15/04/1953";"97809 Brentwood Way";"07931767158"
"4657383655";"2023-02-14";"2010.0";"18348734";"72354216";"Gold";"2023-01-31";"852.23";"9688537";"Llywellyn Shinfield";"12/08/1979";"589 Manitowish Alley";"07365625939"
"2390149693";"2023-02-05";"1131.8";"32386770";"96837696";"Gold";"2023-01-31";"889.9";"88786772";"Wenona McVitty";"14/04/1988";"3 Crest Line Center";"07699796362"
"3227438283";"2023-02-07";"1613.2";"27870202";"51298007";"Basic";"2023-01-31";"427.17";"7182927";"Aeriel Robak";"05/03/1983";"343 Pond Place";"07318674445"
"3959126042";"2023-02-06";"1037.3";"38969279";"13277127";"Basic";"2023-01-31";"793.22";"252258";"Carissa Mulliss";"09/05/1933";"4601 Canary Terrace";"07154915911"
"3008338488";"2023-02-05";"1852.7";"77797288";"30312615";"Gold";"2023-01-31";"659.36";"34374206";"Kennan Roomes";"22/05/1969";"1 Magdeline Road";"07376999770"
"3717091964";"2023-02-05";"1195.0";"47091705";"26907311";"Basic";"2023-01-31";"842.69";"33680005";"Aleta Ruvel";"25/12/1942";"12 Carioca Point";"07856477700"
"4133808312";"2023-02-05";"1685.4";"41282329";"64486954";"Gold";"2023-01-31";"378.0";"70983885";"Eliza Morrad";"11/07/1983";"30397 Morningstar Drive";"07443679085"
"1600966713";"2023-02-11";"1454.9";"62671957";"64486954";"Gold";"2023-01-31";"378.0";"70983885";"Eliza Morrad";"11/07/1983";"30397 Morningstar Drive";"07443679085"
"3365854789";"2023-02-10";"1375.3";"41981752";"95642341";"Gold";"2023-01-31";"695.88";"71960167";"Stanley Loddy";"19/11/1994";"45654 Mockingbird Trail";"07335737122"
"4635802795";"2023-02-05";"1526.1";"60184250";"45558696";"Basic";"2023-01-31";"760.19";"84299544";"Joannes Walczak";"01/07/1981";"9702 Pierstorff Street";"07197765679"
"6088822880";"2023-02-09";"1160.0";"27713909";"59152169";"Basic";"2023-01-31";"148.6";"37329529";"Dwayne Boc";"19/05/1960";"7 Kim Terrace";"07979396226"
"5106930413";"2023-02-05";"1174.8";"16223952";"78927989";"Gold";"2023-01-31";"825.23";"87222885";"Juline Gillion";"18/10/1993";"1540 Karstens Way";"07398841684"
"5258873692";"2023-02-05";"1917.1";"69561077";"34921262";"Gold";"2023-01-31";"971.82";"31671267";"Moina Farnfield";"19/12/1999";"86 Banding Point";"07235956284"
"9426131787";"2023-02-05";"1144.8";"44228646";"43541008";"Gold";"2023-01-31";"413.2";"66489980";"Simonette Westoll";"16/08/1967";"28455 Truax Trail";"07595149901"
"6437426330";"2023-02-05";"1315.1";"26109213";"71868471";"Basic";"2023-01-31";"474.32";"21542668";"Lanae Lutas";"07/09/1938";"5 Myrtle Trail";"07655940959"
"6506779748";"2023-02-05";"1463.6";"82259327";"68484031";"Basic";"2023-01-31";"853.99";"93396506";"Tine Barnet";"13/02/1952";"12016 Lotheville Pass";"07131680793"
"8636422310";"2023-02-06";"1486.9";"27193470";"58491429";"Basic";"2023-01-31";"937.47";"83975113";"Bernetta Hagan";"27/04/2001";"72746 Heath Plaza";"07663200977"
"8410567636";"2023-02-12";"1268.1";"76847816";"27600956";"Basic";"2023-01-31";"84.39";"79820166";"Roxana Kolushev";"24/07/1936";"3038 Roth Hill";"07903584842"
"703305565";"2023-02-13";"1062.5";"89438779";"42652193";"Gold";"2023-01-31";"566.53";"75578843";"Armstrong Conklin";"19/03/1982";"91 Algoma Way";"07615074864"
"3138077927";"2023-02-06";"1095.4";"66416254";"33116647";"Basic";"2023-01-31";"391.76";"59471184";"Kristos Mitchelmore";"07/04/1986";"54 Loftsgordon Point";"07392923109"
"7467124287";"2023-02-05";"1168.4";"92340721";"49039474";"Gold";"2023-01-31";"574.7";"17037391";"Junie Maydway";"20/11/1956";"66 Ludington Alley";"07396627499"
"7901964278";"2023-02-11";"1815.0";"99685765";"49039474";"Gold";"2023-01-31";"574.7";"17037391";"Junie Maydway";"20/11/1956";"66 Ludington Alley";"07396627499"
"6510708876";"2023-02-12";"1128.7";"84070285";"85344981";"Basic";"2023-01-31";"874.46";"32097429";"Krishnah McColm";"03/05/1945";"65 Lakewood Gardens Terrace";"07123765935"
"6643142997";"2023-02-09";"1202.9";"11882775";"84746166";"Gold";"2023-01-31";"806.73";"76534206";"Wainwright Cinnamond";"01/12/1961";"8514 East Drive";"07105816352"
"2966603895";"2023-02-11";"1000.2";"39504855";"79570236";"Gold";"2023-01-31";"91.66";"95393533";"Cicily Dearnly";"13/05/1980";"7585 Michigan Park";"07353891176"
"9881869013";"2023-02-10";"1052.9";"41252281";"53845615";"Basic";"2023-01-31";"597.04";"53284971";"Melita Grouvel";"20/01/1991";"1 Victoria Point";"07528594995"
"8791134862";"2023-02-05";"1748.6";"12240007";"46525458";"Gold";"2023-01-31";"938.4";"77105828";"Tiphanie Ream";"15/01/2002";"343 Starling Parkway";"07814193387"
"9122546715";"2023-02-05";"1317.7";"94060198";"67466632";"Gold";"2023-01-31";"350.06";"36121292";"Gayle Bellwood";"13/09/1952";"8012 Oak Valley Terrace";"07116687087"
"3364251460";"2023-02-09";"1060.0";"92155262";"32308270";"Gold";"2023-01-31";"976.53";"50048247";"Alley Hazeman";"13/07/1932";"9991 Heffernan Court";"07104529577"
"4230172990";"2023-02-09";"1410.1";"68315462";"10231977";"Basic";"2023-01-31";"61.63";"41402857";"Federico Cathro";"13/12/1985";"12 Green Hill";"07283906757"
"5914208858";"2023-02-11";"1010.6";"85924719";"12680102";"Basic";"2023-01-31";"674.64";"77963684";"Edithe Griggs";"18/10/1993";"19659 Tony Lane";"07400436640"
"9675139412";"2023-02-14";"1053.5";"52835507";"76146870";"Basic";"2023-01-31";"414.24";"69518742";"Dianne Obern";"07/04/1940";"64097 Sauthoff Court";"07665669464"
"6596515745";"2023-02-08";"1668.5";"16124993";"73983591";"Basic";"2023-01-31";"292.39";"68617317";"Rube Blacket";"10/05/1992";"63 Division Crossing";"07527198701"
"9153064143";"2023-02-14";"1338.4";"23295106";"45029598";"Gold";"2023-01-31";"558.87";"30124635";"Jerri McCrohon";"04/07/2003";"95 Vernon Park";"07696895888"
"6474019611";"2023-02-09";"1705.6";"63746530";"43616790";"Gold";"2023-01-31";"365.67";"99599289";"Jean Arthur";"10/11/1957";"64 Duke Terrace";"07521843952"
"6391282196";"2023-02-07";"1277.4";"18133554";"47414258";"Basic";"2023-01-31";"900.7";"57803449";"Dolley Shellibeer";"02/02/1959";"4721 American Avenue";"07334199920"
"2799250149";"2023-02-07";"1516.3";"77688406";"65143384";"Basic";"2023-01-31";"227.08";"42907105";"Annmaria Craske";"28/06/1957";"1045 Thompson Circle";"07505587763"
"2395653497";"2023-02-10";"1188.3";"60114464";"70554021";"Gold";"2023-01-31";"44.26";"41586339";"Nert Rosenzwig";"11/11/1991";"684 Bobwhite Terrace";"07280776110"
"9184252820";"2023-02-12";"1764.4";"84695068";"66586860";"Gold";"2023-01-31";"938.51";"32419583";"Urson Fulbrook";"21/07/1974";"3423 Stephen Circle";"07660206901"
"9059693922";"2023-02-09";"1434.1";"40082477";"15044055";"Gold";"2023-01-31";"204.3";"33356634";"Ruprecht Jessel";"21/05/1944";"6761 Toban Circle";"07143621889"
"3441549473";"2023-02-14";"1323.7";"64168292";"72309641";"Basic";"2023-01-31";"386.61";"35096245";"Simeon Westwell";"17/06/1966";"57 Cordelia Drive";"07196750963"
"799584541";"2023-02-07";"1819.0";"38558525";"73328955";"Basic";"2023-01-31";"404.7";"83595618";"Blithe Pettipher";"22/04/2002";"552 Fair Oaks Plaza";"07404796564"
"5487316627";"2023-02-11";"1828.9";"13117442";"88933315";"Gold";"2023-01-31";"289.79";"58527537";"Dudley Tomek";"04/03/1973";"5957 Scofield Street";"07457996003"
"2959546091";"2023-02-06";"1138.4";"65724980";"83981442";"Gold";"2023-01-31";"89.35";"84350400";"Emelyne Victory";"27/06/1975";"793 Oak Center";"07635714109"
"2976252556";"2023-02-06";"1011.5";"62412215";"71934515";"Gold";"2023-01-31";"340.99";"40723861";"Edmund Roseby";"21/08/1945";"643 Fordem Center";"07754311768"
"9076940436";"2023-02-12";"1041.9";"46643937";"77931114";"Gold";"2023-01-31";"480.52";"12707756";"Lara Betteriss";"29/09/1997";"3774 Shopko Center";"07847260700"
"4322436110";"2023-02-08";"2017.7";"64683004";"61847987";"Basic";"2023-01-31";"874.22";"91382721";"Deloris Blackader";"07/09/1937";"94017 Roth Place";"07737759100"
"9756301309";"2023-02-08";"1002.0";"98221133";"30093672";"Gold";"2023-01-31";"939.77";"4306281";"Marve Broodes";"17/10/1941";"9 Blue Bill Park Court";"07292034852"
"2113578247";"2023-02-12";"1061.5";"22696687";"21475060";"Gold";"2023-01-31";"354.98";"78502675";"Leontine Boatswain";"17/05/1959";"65 Dryden Point";"07838565712"
"3525710887";"2023-02-07";"1159.5";"44019515";"19836996";"Basic";"2023-01-31";"245.14";"63508404";"Madelle Attril";"14/07/1996";"32 Morrow Drive";"07589616818"
"7904620219";"2023-02-12";"1261.7";"34866268";"59455653";"Gold";"2023-01-31";"4.64";"53605869";"Zarah Johananoff";"12/05/1964";"5273 Manufacturers Way";"07898432354"
"4200359480";"2023-02-06";"1124.1";"63556863";"31131351";"Basic";"2023-01-31";"278.94";"5570440";"Danica Feldhammer";"26/09/1937";"16 Ryan Center";"07497290764"
"9300429434";"2023-02-12";"2208.4";"11928523";"92145159";"Gold";"2023-01-31";"61.65";"71474832";"Gunther Fawltey";"02/02/2003";"452 Bartelt Hill";"07513000809"
"5934283340";"2023-02-06";"1751.6";"32424424";"78541427";"Basic";"2023-01-31";"366.51";"57993685";"Audrye Yarmouth";"07/01/1937";"33 Banding Circle";"07294196796"
"634472038";"2023-02-13";"1121.3";"98568929";"21719977";"Gold";"2023-01-31";"758.81";"90895447";"Codi Pattison";"28/10/1988";"7 Messerschmidt Alley";"07220586650"
"5946791915";"2023-02-06";"1201.1";"57446648";"24149353";"Joint";"2023-01-31";"487.27";"42772846";"Neda Sleaford";"03/11/2003";"351 Division Street";"07410547442"
"5946791915";"2023-02-06";"1201.1";"57446648";"24149353";"Joint";"2023-01-31";"487.27";"20894297";"Roddy Tackell";"14/04/1976";"351 Division Street";"07240230684"
"7577450812";"2023-02-08";"1044.7";"81932657";"16067516";"Gold";"2023-01-31";"494.33";"308061";"Georgette Tamplin";"30/10/1962";"712 Gulseth Way";"07734687967"
"8140515736";"2023-02-07";"1440.9";"88570753";"11333185";"Gold";"2023-01-31";"693.23";"12386822";"Tandi Aberkirdo";"13/05/2001";"40 Buell Crossing";"07224213952"
"3142386262";"2023-02-14";"2620.1";"86068003";"64299012";"Basic";"2023-01-31";"509.56";"68222526";"Ludvig Mustard";"14/08/1998";"9125 Bultman Center";"07712521123"
"7834529188";"2023-02-14";"1308.6";"82115900";"71643841";"Gold";"2023-01-31";"232.5";"31915563";"Ange Stoneham";"11/05/1933";"24728 Emmet Lane";"07205592453"
"6907266245";"2023-02-12";"1149.0";"68198696";"91349198";"Gold";"2023-01-31";"669.58";"29615078";"Sapphire Garry";"27/02/1999";"51239 Dunning Trail";"07313061573"
"4529731146";"2023-02-07";"1429.1";"33240853";"53260868";"Basic";"2023-01-31";"966.85";"79977068";"Bobbee Sterre";"25/09/1973";"2776 Macpherson Avenue";"07104773838"
"5976076416";"2023-02-08";"1026.8";"97988499";"52461586";"Gold";"2023-01-31";"596.3";"38951641";"Penny Skitt";"02/06/1933";"572 Drewry Circle";"07990083087"
"2488904619";"2023-02-14";"2138.0";"35126236";"20908067";"Basic";"2023-01-31";"607.53";"27902624";"Johnnie Exeter";"31/07/1981";"53 Algoma Road";"07670500402"
"973381515";"2023-02-12";"1663.0";"36871984";"39013360";"Joint";"2023-01-31";"987.76";"78561748";"Nance Swalwel";"02/05/2003";"84 Wayridge Avenue";"07599679728"
"973381515";"2023-02-12";"1663.0";"36871984";"39013360";"Joint";"2023-01-31";"987.76";"63534356";"Eartha Brouncker";"04/08/1938";"84 Wayridge Avenue";"07352327545"
"8680634573";"2023-02-09";"1855.5";"35633136";"24462859";"Basic";"2023-01-31";"646.0";"50137483";"Kittie Heakins";"10/07/1957";"9 Village Green Point";"07641727085"
"1519453760";"2023-02-07";"1070.1";"49454023";"50547726";"Basic";"2023-01-31";"675.06";"8321976";"Josephine Langeley";"24/01/1987";"154 Arapahoe Crossing";"07810152803"
"1740428250";"2023-02-07";"1434.3";"21558805";"71332337";"Basic";"2023-01-31";"661.23";"27293736";"Gisella Farady";"06/10/1930";"38 Forest Run Crossing";"07682559522"
"1995126314";"2023-02-07";"1808.5";"21694967";"99481977";"Basic";"2023-01-31";"940.06";"68720625";"Betsy Demangeon";"02/07/2002";"2791 Melody Hill";"07873645269"
"7926940879";"2023-02-07";"1500.0";"44586370";"67716893";"Basic";"2023-01-31";"250.99";"9603887";"Carny Atthow";"14/07/1970";"89319 Truax Parkway";"07646508264"
"7112744326";"2023-02-08";"1686.0";"54541943";"11438427";"Basic";"2023-01-31";"484.08";"12807209";"Lora Umpleby";"03/04/1952";"953 Pierstorff Court";"07470603316"
"2359633759";"2023-02-07";"1348.3";"38990596";"46643937";"Gold";"2023-01-31";"751.73";"28934417";"Taryn Likly";"14/08/1970";"55 Melrose Terrace";"07584875836"
"8003487307";"2023-02-10";"1484.2";"95710324";"59663741";"Basic";"2023-01-31";"642.86";"37852798";"Franciskus Scimoni";"23/12/1989";"929 Bowman Center";"07159541292"
"9662970398";"2023-02-13";"1127.3";"72354216";"61724951";"Gold";"2023-01-31";"656.25";"26882908";"Estrella Pretley";"08/11/1933";"9858 Hagan Pass";"07283853245"
"6719011871";"2023-02-11";"1949.6";"30672740";"39402264";"Gold";"2023-01-31";"993.04";"73519658";"Sauncho Moland";"29/07/1984";"56 Vermont Park";"07279287444"
"3435734426";"2023-02-07";"1806.9";"28738041";"22393008";"Gold";"2023-01-31";"753.5";"94839122";"Toinette Dight";"30/07/1951";"8 Bluejay Avenue";"07661260409"
"57491925";"2023-02-12";"1761.1";"19094015";"65589565";"Gold";"2023-01-31";"321.99";"37386889";"Annabel Medd";"17/02/1959";"24 Warner Junction";"07175713923"
"4013458284";"2023-02-07";"1225.0";"46525458";"91142310";"Basic";"2023-01-31";"363.08";"22859024";"Pierre Skatcher";"19/12/1949";"745 Crownhardt Street";"07253371140"
"4279360650";"2023-02-08";"1254.7";"91576212";"51504474";"Basic";"2023-01-31";"153.25";"96559278";"Raeann Giamelli";"07/03/1944";"50426 Lukken Court";"07141897730"
"4658240718";"2023-02-07";"1392.7";"36636385";"64462046";"Gold";"2023-01-31";"847.04";"80441621";"Ebenezer Skinley";"03/07/2002";"9 Jackson Drive";"07277016427"
"5898567321";"2023-02-10";"1795.9";"49520335";"55304418";"Basic";"2023-01-31";"968.71";"26132993";"Tatum McGarahan";"19/09/1942";"1875 Hanson Court";"07450115970"
"6020529444";"2023-02-11";"1214.6";"92376825";"55304418";"Basic";"2023-01-31";"968.71";"26132993";"Tatum McGarahan";"19/09/1942";"1875 Hanson Court";"07450115970"
"9859809917";"2023-02-08";"2283.2";"25678043";"24529850";"Basic";"2023-01-31";"800.79";"74244392";"Coralie Knellen";"28/09/1968";"682 Morning Pass";"07134906360"
"5264143870";"2023-02-07";"1567.0";"92214557";"98156945";"Gold";"2023-01-31";"449.81";"341757";"Kakalina Plumtree";"11/11/1975";"6 Dahle Junction";"07842561799"
"5400364764";"2023-02-07";"1236.7";"76482858";"76257915";"Gold";"2023-01-31";"795.66";"44222762";"Lemmy Kingaby";"09/08/1993";"10809 Florence Hill";"07295738518"
"8263650534";"2023-02-07";"1002.5";"68275028";"31770323";"Gold";"2023-01-31";"666.66";"94428213";"Maddy Thatcher";"15/12/1933";"7156 Rowland Hill";"07617883129"
"6080261693";"2023-02-11";"1507.4";"93529019";"54937975";"Basic";"2023-01-31";"218.66";"91548641";"Noemi Ravenscraft";"29/04/1939";"7864 Crowley Crossing";"07388919183"
"3764045884";"2023-02-12";"1077.3";"88538200";"15428008";"Gold";"2023-01-31";"131.02";"78909455";"Pearl Tradewell";"20/05/2004";"7 Mariners Cove Way";"07238864294"
"4416585330";"2023-02-08";"1621.0";"37789180";"61087394";"Basic";"2023-01-31";"112.81";"87142111";"Lalo Cheesman";"02/10/1967";"1 Lawn Point";"07507591005"
"3693906904";"2023-02-14";"1879.5";"46073044";"61087394";"Basic";"2023-01-31";"112.81";"87142111";"Lalo Cheesman";"02/10/1967";"1 Lawn Point";"07507591005"
"7182478331";"2023-02-07";"1298.9";"55986093";"96278865";"Gold";"2023-01-31";"930.45";"49970097";"Thornie Cornils";"18/08/1934";"77 Elmside Terrace";"07547699186"
"7719095529";"2023-02-12";"1799.2";"66257438";"59238438";"Gold";"2023-01-31";"105.1";"87088344";"Jehanna Sprakes";"31/10/1975";"9636 Michigan Junction";"07140498765"
"8036664046";"2023-02-11";"1733.6";"15258886";"50024545";"Basic";"2023-01-31";"867.21";"59708744";"Cleon Britten";"02/03/1980";"926 Garrison Court";"07783295918"
"5484911877";"2023-02-11";"1231.3";"53858816";"63569270";"Basic";"2023-01-31";"949.8";"6229551";"Valerie Knights";"20/03/1972";"56 International Plaza";"07714059640"
"4348426260";"2023-02-08";"1589.0";"60522190";"35633136";"Gold";"2023-01-31";"603.11";"14537251";"Rora Couldwell";"19/02/1985";"8 Golf View Way";"07573728535"
"8350823712";"2023-02-07";"1689.7";"37945317";"54878364";"Gold";"2023-01-31";"80.24";"6668693";"Aurie Finlan";"18/05/1978";"1141 Mccormick Point";"07337199494"
"6572965856";"2023-02-12";"1291.9";"48081999";"96227490";"Gold";"2023-01-31";"242.11";"88720740";"Catherina Benson";"13/02/1932";"19 Bunker Hill Alley";"07303372399"
"1919089853";"2023-02-13";"1535.7";"54300071";"59876714";"Basic";"2023-01-31";"938.46";"9186886";"Saudra Aldritt";"24/02/1935";"50689 Homewood Avenue";"07140080643"
"4000808907";"2023-02-13";"1370.8";"92145159";"18447548";"Basic";"2023-01-31";"574.24";"14924822";"Amalle Townsend";"06/01/1959";"3526 Sutherland Alley";"07564656009"
"9326834948";"2023-02-07";"1741.9";"53091928";"59252971";"Gold";"2023-01-31";"803.65";"55717348";"Abbie Bonehill";"14/10/2003";"2346 Killdeer Terrace";"07325085865"
"9713257863";"2023-02-07";"1198.9";"11306584";"85551186";"Basic";"2023-01-31";"909.25";"73947038";"Stefania Shortall";"16/05/1991";"264 Pearson Hill";"07315886787"
"9791706700";"2023-02-07";"1581.8";"86218347";"40039031";"Gold";"2023-01-31";"124.72";"85969311";"Oralla Plumm";"21/04/1940";"91 Washington Terrace";"07901713079"
"6732430556";"2023-02-10";"1640.4";"60114464";"11846043";"Basic";"2023-01-31";"915.59";"21844263";"Harrietta McIlwrath";"12/05/1971";"88637 Rutledge Point";"07319685775"
"971308187";"2023-02-08";"1737.4";"64303157";"89697097";"Gold";"2023-01-31";"449.71";"66904429";"Chlo Karolczyk";"10/12/1975";"64 Hovde Circle";"07396892090"
"1599468271";"2023-02-08";"1374.1";"63298193";"46085917";"Gold";"2023-01-31";"340.16";"97306296";"Felicdad Reder";"20/10/1941";"6946 Hoffman Road";"07889666644"
"2733294954";"2023-02-08";"1382.5";"15899774";"42838186";"Gold";"2023-01-31";"466.48";"43499450";"Shurlock Siviter";"11/01/1989";"11082 Cottonwood Street";"07401023617"
"2833053614";"2023-02-08";"1253.6";"76343783";"84448752";"Gold";"2023-01-31";"412.15";"53288992";"Opaline Huddart";"31/03/1938";"927 Algoma Park";"07532581601"
"3481459262";"2023-02-08";"1024.6";"58811985";"54868017";"Gold";"2023-01-31";"789.86";"71462944";"Pen Wilshere";"11/05/1934";"20 Laurel Point";"07361493364"
"9044315250";"2023-02-13";"1525.2";"53884626";"60996794";"Basic";"2023-01-31";"27.98";"72296511";"Vere Radenhurst";"20/06/1994";"3405 Utah Hill";"07570905168"
"4606990570";"2023-02-11";"1168.2";"39542358";"17085651";"Gold";"2023-01-31";"945.51";"90628588";"Otho Kelinge";"03/06/1958";"22 Kennedy Trail";"07524597284"
"8864200932";"2023-02-11";"1635.6";"54067346";"17085651";"Gold";"2023-01-31";"945.51";"90628588";"Otho Kelinge";"03/06/1958";"22 Kennedy Trail";"07524597284"
"784603499";"2023-02-14";"1583.4";"39744047";"17085651";"Gold";"2023-01-31";"945.51";"90628588";"Otho Kelinge";"03/06/1958";"22 Kennedy Trail";"07524597284"
"9847562024";"2023-02-12";"1183.8";"84778718";"29358670";"Gold";"2023-01-31";"874.94";"14221230";"Joice Lufkin";"01/08/1962";"6033 Dunning Center";"07943159313"
"1013772741";"2023-02-13";"1665.4";"48271608";"19789505";"Basic";"2023-01-31";"893.9";"51019591";"Blanch Kinforth";"12/07/1949";"94115 Clemons Alley";"07628210281"
"1893648036";"2023-02-12";"1261.6";"58925998";"75134291";"Basic";"2023-01-31";"903.25";"23415773";"Corabel Leisman";"10/10/1948";"22 Weeping Birch Point";"07782076118"
"7447043141";"2023-02-08";"1316.4";"52203356";"83530541";"Gold";"2023-01-31";"630.6";"40898819";"Lind Mickelwright";"12/12/1972";"4391 Amoth Center";"07478747011"
"9394994130";"2023-02-08";"1808.4";"50520009";"32400822";"Gold";"2023-01-31";"987.34";"29648464";"Van Barritt";"26/10/1995";"5 Emmet Junction";"07622614912"
"1857908597";"2023-02-12";"1255.7";"41542689";"27596004";"Gold";"2023-01-31";"505.73";"89861979";"Garald Venny";"27/07/1965";"9 Buell Hill";"07535383868"
"1058766783";"2023-02-09";"1324.2";"27108454";"95307629";"Gold";"2023-01-31";"502.48";"71851514";"Jennee Hoyle";"14/12/1997";"726 Katie Court";"07534192345"
"7293949189";"2023-02-12";"1690.9";"93564856";"58216756";"Basic";"2023-01-31";"642.13";"13012723";"Samara Dreossi";"27/08/1940";"9712 Katie Junction";"07308649451"
"5019162140";"2023-02-10";"1526.7";"22393008";"60138058";"Basic";"2023-01-31";"686.46";"63274244";"Filip Doneld";"16/05/1930";"143 Northwestern Avenue";"07662121950"
"2882617933";"2023-02-13";"1023.0";"41282329";"61178950";"Basic";"2023-01-31";"104.88";"37666929";"Gawen Feldheim";"17/10/1986";"9778 Larry Crossing";"07551559282"
"3072380945";"2023-02-09";"1260.0";"22393008";"59110895";"Basic";"2023-01-31";"605.5";"97934007";"Arron Isaac";"30/07/1951";"1278 Mallard Park";"07116758375"
"4456138882";"2023-02-09";"1156.9";"56843498";"91829198";"Gold";"2023-01-31";"103.19";"77799605";"Kimball Penright";"18/06/1988";"162 Beilfuss Place";"07229437147"
"4595593104";"2023-02-09";"1208.0";"94342965";"15914466";"Gold";"2023-01-31";"436.62";"48411853";"Kathy Naden";"01/07/1951";"29316 Monterey Drive";"07409895649"
"4903491501";"2023-02-13";"1291.4";"49696722";"59198134";"Basic";"2023-01-31";"122.62";"95283111";"Sileas Rowter";"01/03/1932";"86 Nancy Drive";"07515621440"
"7942566005";"2023-02-09";"1038.5";"15100785";"98237008";"Gold";"2023-01-31";"437.26";"91129635";"Cathie Matelyunas";"16/01/1985";"210 Kennedy Center";"07609240164"
"8770709343";"2023-02-09";"1549.1";"54824933";"14014401";"Basic";"2023-01-31";"554.46";"11669981";"Clement Gant";"09/10/1958";"13 Barnett Lane";"07595178757"
"9718945814";"2023-02-09";"1166.4";"97581232";"44626164";"Basic";"2023-01-31";"915.14";"83863026";"Rhys De Vuyst";"12/05/1986";"13313 Lerdahl Avenue";"07323880621"
"2456424484";"2023-02-14";"1295.6";"29288598";"84310867";"Gold";"2023-01-31";"258.66";"76544315";"Emlynne Oneile";"19/08/1968";"42 Stoughton Trail";"07871594297"
"8757806101";"2023-02-13";"1503.2";"61555609";"69648759";"Basic";"2023-01-31";"693.39";"57398869";"Mora Reddin";"16/08/1981";"8 Eggendart Plaza";"07485581191"
"4242985320";"2023-02-10";"1210.3";"81181209";"86108287";"Basic";"2023-01-31";"523.61";"55131193";"Ilene Castro";"23/08/1932";"25768 Browning Drive";"07546415066"
"6199332598";"2023-02-10";"1147.5";"89905732";"41170515";"Basic";"2023-01-31";"713.46";"15970555";"Dana Kenrack";"09/10/1944";"35 Drewry Avenue";"07102797795"
"6227762334";"2023-02-10";"1134.6";"66175264";"28142099";"Gold";"2023-01-31";"420.86";"84176902";"Brnaby Mackrill";"01/08/1983";"5177 Kropf Way";"07620870297"
"7178801352";"2023-02-12";"1003.7";"44242297";"44145489";"Gold";"2023-01-31";"635.75";"37020061";"Meier Kerfut";"13/02/1998";"2587 Rieder Parkway";"07282817564"
"2202297596";"2023-02-12";"1145.7";"76256026";"52317175";"Gold";"2023-01-31";"25.94";"68550465";"Osborn Di Gregorio";"29/07/1993";"7678 Little Fleur Road";"07698908775"
"2589340206";"2023-02-11";"1104.5";"25779398";"78773905";"Basic";"2023-01-31";"511.78";"14287372";"Kary Jeanneau";"02/12/1949";"66 Lawn Junction";"07581411435"
"9070015781";"2023-02-10";"1275.3";"94973297";"93745446";"Basic";"2023-01-31";"574.89";"35237290";"Janet Comiam";"21/08/1964";"10 Petterle Center";"07458460825"
"9161107409";"2023-02-10";"1362.1";"96719450";"53086727";"Gold";"2023-01-31";"408.74";"99170960";"Kathe Winslade";"07/06/1981";"9 West Hill";"07926756392"
"9300490451";"2023-02-10";"1048.2";"83187508";"25636885";"Gold";"2023-01-31";"755.58";"6164823";"Emmie Kealey";"09/01/1953";"703 Upham Crossing";"07785042771"
"9497069960";"2023-02-14";"1314.7";"69540137";"10799356";"Gold";"2023-01-31";"915.04";"26582406";"Emmi Sinnie";"29/01/1954";"76493 Jenifer Place";"07304047316"
"1019649690";"2023-02-11";"1655.3";"67862200";"13965360";"Basic";"2023-01-31";"299.46";"65473538";"Vincents Speare";"25/07/1934";"82 Delaware Street";"07910043558"
"2065900199";"2023-02-11";"2361.6";"39542358";"97541080";"Gold";"2023-01-31";"677.34";"23554979";"Emanuele Mitcham";"04/03/1967";"8678 Oneill Place";"07266880904"
"3107514675";"2023-02-11";"1318.1";"33240853";"26669001";"Basic";"2023-01-31";"70.04";"72989737";"Dot Yarker";"27/10/2001";"3693 Tennyson Way";"07411567799"
"3472782188";"2023-02-12";"1278.9";"62412215";"50772829";"Basic";"2023-01-31";"47.57";"32069845";"Pall Lownsbrough";"19/01/1939";"843 Dayton Avenue";"07112760146"
"3932700171";"2023-02-11";"1672.7";"68484031";"74255305";"Gold";"2023-01-31";"3.7";"41709088";"Sunny Grzegorecki";"22/05/1965";"61 Victoria Park";"07272693744"
"9484849237";"2023-02-11";"2044.6";"80709302";"73234341";"Gold";"2023-01-31";"811.71";"96602101";"Evonne Blackesland";"14/03/1969";"8 Esker Parkway";"07348055344"
"180899074";"2023-02-12";"1030.7";"89503991";"91605034";"Basic";"2023-01-31";"560.96";"3307718";"Guthrie Denidge";"20/01/1970";"773 South Terrace";"07398074919"
"4286864758";"2023-02-12";"1342.4";"42726921";"99734848";"Gold";"2023-01-31";"354.29";"56623581";"Jana Sibthorp";"02/03/1938";"48 Sutteridge Plaza";"07302718672"
"5020894869";"2023-02-12";"1265.1";"96224831";"66449974";"Gold";"2023-01-31";"795.59";"2041097";"Monti Lathe";"13/02/1947";"82491 Summer Ridge Court";"07249772883"
"791244091";"2023-02-13";"1827.6";"16118153";"84406205";"Basic";"2023-01-31";"818.63";"38257919";"Kienan Agate";"15/10/1952";"14 Melvin Pass";"07498582538"
"9822470290";"2023-02-13";"1088.0";"37443706";"41245288";"Gold";"2023-01-31";"540.61";"86165486";"Asia Wyld";"21/05/1993";"820 Petterle Drive";"07247421402"
"8191592274";"2023-02-14";"1288.0";"91305080";"15052808";"Gold";"2023-01-31";"786.05";"48910576";"Emmott Sharvill";"16/12/1967";"2 Eagan Circle";"07762043089"
"3592959115";"2023-02-14";"1083.0";"15563919";"41561470";"Gold";"2023-01-31";"750.8";"70010884";"Normy Ebbers";"12/08/1964";"10 Dahle Point";"07758113429"
